Date,Close,High,Low,Open,Volume
2018-01-01,13542.0,13547.0,13527.0,13542.0,0
2018-01-02,13550.0,13557.0,13467.0,13556.0,0
2018-01-03,13496.0,13506.0,13422.0,13496.0,0
2018-01-04,13468.0,13478.0,13405.0,13472.0,0
2018-01-05,13415.0,13427.0,13384.0,13414.0,0
2018-01-08,13427.0,13509.0,13378.0,13428.0,0
2018-01-09,13427.0,13443.0,13405.0,13431.0,0
2018-01-10,13430.0,13455.0,13413.0,13429.0,0
2018-01-11,13441.0,13441.0,13338.0,13441.0,0
2018-01-12,13393.0,13395.0,13315.0,13393.0,0
2018-01-15,13295.0,13343.0,13265.0,13272.0,0
2018-01-16,13305.0,13341.0,13304.0,13305.0,0
2018-01-17,13306.0,13366.0,13304.0,13306.0,0
2018-01-18,13336.0,13371.0,13328.0,13335.0,0
2018-01-19,13334.0,13344.0,13277.0,13337.0,0
2018-01-22,13325.0,13354.0,13317.0,13332.0,0
2018-01-23,13342.0,13352.0,13299.0,13339.0,0
2018-01-24,13336.0,13336.0,13290.0,13336.0,0
2018-01-25,13298.0,13303.0,13256.0,13297.0,0
2018-01-26,13299.0,13325.0,13285.0,13300.0,0
2018-01-29,13296.0,13404.0,13290.0,13296.0,0
2018-01-30,13367.0,13437.0,13360.0,13366.0,0
2018-01-31,13421.0,13426.0,13359.0,13420.0,0
2018-02-01,13383.0,13434.0,13378.0,13384.0,0
2018-02-02,13386.0,13507.0,13385.0,13387.0,0
2018-02-05,13411.0,13512.0,13445.0,13445.0,0
2018-02-06,13564.0,13614.0,13520.0,13565.0,0
2018-02-07,13544.0,13570.0,13517.0,13544.0,0
2018-02-08,13641.0,13682.0,13566.0,13641.0,0
2018-02-09,13598.0,13666.0,13598.0,13598.0,0
2018-02-12,13610.0,13648.0,13593.0,13611.0,0
2018-02-13,13643.0,13655.0,13618.0,13643.0,0
2018-02-14,13640.0,13679.5,13598.0,13632.0,0
2018-02-15,13622.0,13622.0,13510.0,13622.0,0
2018-02-16,13552.0,13557.0,13489.0,13552.0,0
2018-02-19,13552.0,13564.0,13525.0,13552.0,0
2018-02-20,13554.0,13632.0,13535.0,13554.0,0
2018-02-21,13608.0,13616.0,13562.0,13608.0,0
2018-02-22,13612.0,13705.0,13608.0,13620.0,0
2018-02-23,13676.0,13687.0,13649.0,13668.0,0
2018-02-26,13652.0,13704.0,13642.0,13686.0,0
2018-02-27,13651.0,13701.5,13639.0,13655.0,0
2018-02-28,13694.0,13766.0,13675.0,13681.0,0
2018-03-01,13756.0,13808.0,13743.0,13757.0,0
2018-03-02,13741.0,13787.0,13723.0,13782.0,0
2018-03-05,13751.0,13777.0,13731.0,13751.0,0
2018-03-06,13737.0,13783.0,13696.0,13736.0,0
2018-03-07,13759.0,13777.0,13718.0,13718.0,0
2018-03-08,13745.0,13822.0,13740.0,13742.0,0
2018-03-09,13786.0,13813.0,13732.5,13786.0,0
2018-03-12,13772.0,13776.0,13741.0,13772.0,0
2018-03-13,13755.0,13765.0,13702.0,13751.0,0
2018-03-14,13740.0,13759.0,13717.5,13732.0,0
2018-03-15,13725.0,13773.0,13708.0,13708.0,0
2018-03-16,13758.0,13770.0,13734.0,13759.0,0
2018-03-19,13748.0,13775.0,13740.0,13750.0,0
2018-03-20,13771.0,13779.0,13732.0,13779.0,0
2018-03-21,13743.0,13765.0,13738.0,13744.0,0
2018-03-22,13705.0,13783.0,13673.0,13728.0,0
2018-03-23,13754.0,13810.0,13748.0,13764.0,0
2018-03-26,13762.0,13800.0,13708.0,13758.0,0
2018-03-27,13718.0,13746.0,13689.0,13706.0,0
2018-03-28,13740.0,13761.0,13712.0,13727.0,0
2018-03-29,13756.0,13770.0,13720.5,13751.0,0
2018-03-30,13757.0,13770.0,13715.0,13770.0,0
2018-04-02,13768.0,13786.0,13721.5,13786.0,0
2018-04-03,13748.0,13774.0,13727.0,13753.0,0
2018-04-04,13741.0,13781.0,13735.0,13741.0,0
2018-04-05,13751.0,13792.5,13750.0,13755.0,0
2018-04-06,13760.0,13785.400390625,13759.7998046875,13777.0,0
2018-04-09,13763.0,13787.0,13749.0,13763.0,0
2018-04-10,13768.0,13774.5,13733.0,13774.5,0
2018-04-11,13742.099609375,13766.5,13736.0,13742.099609375,0
2018-04-12,13753.5,13780.5,13750.0,13753.5,0
2018-04-13,13767.0,13776.5,13739.0,13766.0,0
2018-04-16,13733.0,13783.7998046875,13731.0,13731.0,0
2018-04-17,13766.0,13778.900390625,13756.0,13770.0,0
2018-04-18,13757.0,13775.5,13751.0,13766.0,0
2018-04-19,13769.0,13838.0,13747.0,13760.0,0
2018-04-20,13800.0,13950.5,13790.0,13823.5,0
2018-04-23,13899.0,13986.0,13885.7998046875,13902.0,0
2018-04-24,13961.0,13983.7001953125,13848.5,13967.099609375,0
2018-04-25,13872.0,13947.599609375,13856.0,13865.0,0
2018-04-26,13919.0,13946.0,13842.0,13913.0,0
2018-04-27,13879.0,13940.0,13838.0,13940.0,0
2018-04-30,13870.0,13922.0,13837.0,13865.0,0
2018-05-01,13901.0,13989.0,13901.0,13915.5,0
2018-05-02,13982.2998046875,13995.7001953125,13926.099609375,13982.5,0
2018-05-03,14002.2998046875,14061.0,13896.5,14002.5,0
2018-05-04,13931.0,13985.2998046875,13921.5,13934.5,0
2018-05-07,13933.0,14046.900390625,13933.0,13933.0,0
2018-05-08,14268.5,14268.5,13983.0,14268.5,0
2018-05-09,14264.099609375,14124.900390625,14016.7998046875,14067.099609375,0
2018-05-10,14073.0,14173.5,13982.2998046875,14073.0,0
2018-05-11,14073.0,14110.0,13899.5,14110.0,0
2018-05-14,13943.0,14065.0,13923.2998046875,13943.0,0
2018-05-15,13963.0,14130.2998046875,13963.0,13988.0,0
2018-05-16,14030.0,14120.5,14016.5,14030.0,0
2018-05-17,14149.2001953125,14149.2001953125,14013.2998046875,14149.2001953125,0
2018-05-18,14153.5,14167.2998046875,14062.5,14153.5,0
2018-05-21,14163.0,14218.7998046875,14143.0,14167.0,0
2018-05-22,14220.0,14220.0,14100.2998046875,14220.0,0
2018-05-23,14200.7998046875,14213.400390625,14093.2998046875,14200.7998046875,0
2018-05-24,14169.0,14233.5,14111.0,14170.0,0
2018-05-25,14124.0,14165.900390625,14026.2998046875,14118.0,0
2018-05-28,14078.0,14084.0,13960.900390625,14081.0,0
2018-05-29,14010.0,14070.2998046875,13969.7998046875,14001.0,0
2018-05-30,14029.0,14049.7998046875,13921.0,14014.0,0
2018-05-31,13977.0,13984.0,13853.0,13977.0,0
2018-06-01,13880.0,13923.5,13817.0,13923.5,0
2018-06-04,13938.0,13946.0,13849.0,13946.0,0
2018-06-05,13860.0,13903.0,13858.0,13903.0,0
2018-06-06,13870.0,13886.2998046875,13827.0,13880.0,0
2018-06-07,13822.0,13949.7998046875,13816.0,13823.0,0
2018-06-08,13863.0,14050.5,13872.0,13933.0,0
2018-06-11,13866.0,13974.2001953125,13865.0,13867.0,0
2018-06-12,13923.0,14062.900390625,13923.0,13984.900390625,0
2018-06-13,13923.0,14106.2998046875,13920.0,13923.0,0
2018-06-14,13923.0,14053.5,13917.5,13923.0,0
2018-06-15,14121.400390625,14122.7001953125,13923.0,14122.7001953125,0
2018-06-18,13923.0,14114.400390625,13923.0,13923.0,0
2018-06-19,13923.0,14264.599609375,13923.0,13923.0,0
2018-06-20,13923.0,14251.7998046875,13923.0,13923.0,0
2018-06-21,13923.0,14145.2998046875,13923.0,13923.0,0
2018-06-22,14088.0,14168.7998046875,14047.2998046875,14071.0,0
2018-06-25,14073.0,14259.7001953125,14073.0,14073.0,0
2018-06-26,14148.0,14224.2998046875,14127.2998046875,14148.0,0
2018-06-27,14188.0,14259.0,14154.5,14198.0,0
2018-06-28,14235.0,14396.0,14217.2998046875,14242.2998046875,0
2018-06-29,14350.0,14402.0,14254.5,14328.0,0
2018-07-02,14317.0,14415.599609375,14282.0,14319.0,0
2018-07-03,14347.0,14483.0,14328.0,14347.0,0
2018-07-04,14353.0,14374.400390625,14298.599609375,14347.0,0
2018-07-05,14400.0,14428.2001953125,14309.0,14400.0,0
2018-07-06,14378.7998046875,14458.099609375,14330.0,14458.099609375,0
2018-07-09,14307.0,14378.7998046875,14270.400390625,14308.0,0
2018-07-10,14311.0,14376.0,14301.0,14327.0,0
2018-07-11,14375.0,14441.7001953125,14301.7998046875,14361.0,0
2018-07-12,14378.0,14438.0,14327.2998046875,14378.0,0
2018-07-13,14385.0,14468.7001953125,14323.599609375,14387.5,0
2018-07-16,14373.0,14455.2998046875,14356.5,14373.0,0
2018-07-17,14365.5,14396.7001953125,14354.0,14365.5,0
2018-07-18,14377.0,14429.2998046875,14376.0,14377.0,0
2018-07-19,14441.0,14553.0,14388.0,14476.900390625,0
2018-07-20,14468.0,14549.0,14438.7998046875,14468.0,0
2018-07-23,14473.0,14521.2998046875,14439.7998046875,14473.0,0
2018-07-24,14567.5,14569.2001953125,14460.7001953125,14569.2001953125,0
2018-07-25,14543.2998046875,14543.5,14421.0,14543.5,0
2018-07-26,14465.0,14474.5,14396.7998046875,14465.0,0
2018-07-27,14525.0,14525.0,14339.5,14525.0,0
2018-07-30,14411.0,14444.0,14377.5,14411.0,0
2018-07-31,14403.0,14435.7001953125,14389.5,14399.099609375,0
2018-08-01,14409.2001953125,14450.400390625,14392.5,14409.2001953125,0
2018-08-02,14489.0,14497.7998046875,14432.7998046875,14489.2001953125,0
2018-08-03,14521.0,14527.599609375,14439.0,14521.7001953125,0
2018-08-06,14486.0,14536.5,14444.0,14486.0,0
2018-08-07,14543.2998046875,14545.0,14412.0,14545.0,0
2018-08-08,14422.0,14454.0,14417.0,14422.0,0
2018-08-09,14398.0,14438.7998046875,14374.0,14402.400390625,0
2018-08-10,14472.0,14548.0,14415.0,14480.0,0
2018-08-13,14473.0,14689.7001953125,14468.0,14472.0,0
2018-08-14,14594.0,14657.2998046875,14520.0,14594.0,0
2018-08-15,14642.0,14692.5,14572.5,14665.0,0
2018-08-16,14555.7998046875,14715.0,14571.7998046875,14695.0,0
2018-08-17,14598.599609375,14645.0,14568.5,14598.599609375,0
2018-08-20,14572.0,14608.599609375,14559.0,14572.0,0
2018-08-21,14562.0,14601.5,14557.0,14585.0,0
2018-08-22,14570.0,14611.2001953125,14529.0,14570.0,0
2018-08-23,14572.0,14647.0,14570.0,14645.5,0
2018-08-24,14664.0,14663.0,14572.0,14644.0,0
2018-08-27,14559.0,14693.7998046875,14534.0,14570.0,0
2018-08-28,14551.0,14684.7998046875,14539.0,14539.0,0
2018-08-29,14653.0,14703.0,14616.0,14681.0,0
2018-08-30,14618.0,14839.0,14605.0,14617.0,0
2018-08-31,14751.0,14882.2998046875,14700.0,14751.0,0
2018-09-03,14723.0,14872.5,14721.7998046875,14723.0,0
2018-09-04,14832.0,15031.2001953125,14819.0,14841.0,0
2018-09-05,14930.0,15358.7998046875,14904.0,14931.0,0
2018-09-06,14979.900390625,14998.2998046875,14814.2001953125,14979.900390625,0
2018-09-07,14893.0,14947.2998046875,14827.0,14892.0,0
2018-09-10,14813.0,14950.2998046875,14808.2001953125,14813.0,0
2018-09-11,14844.5,14898.5,14775.0,14844.5,0
2018-09-12,14837.0,15120.900390625,14730.5,14863.0,0
2018-09-13,14807.0,14851.0,14705.0,14801.0,0
2018-09-14,14740.0,14841.0,14738.0,14740.0,0
2018-09-17,14807.0,14906.0,14790.0,14805.0,0
2018-09-18,14907.099609375,14933.2001953125,14814.0,14907.099609375,0
2018-09-19,14867.0,14900.5,14829.0,14869.0,0
2018-09-20,14880.0,14890.0,14791.0,14890.0,0
2018-09-21,14832.0,14889.400390625,14787.900390625,14836.0,0
2018-09-24,14812.0,14907.5,14812.0,14812.0,0
2018-09-25,14861.0,15007.0,14861.0,14900.7998046875,0
2018-09-26,15021.5,15021.5,14896.5,15021.5,0
2018-09-27,14985.0,14985.0,14862.5,14985.0,0
2018-09-28,14918.7998046875,14937.5,14845.5,14918.7998046875,0
2018-10-01,14902.0,14946.0,14885.0,14902.0,0
2018-10-02,15053.2998046875,15255.0,14943.0,15055.7998046875,0
2018-10-03,15038.0,15184.2001953125,15033.7001953125,15058.2001953125,0
2018-10-04,15139.2001953125,15380.0,15068.0,15139.2001953125,0
2018-10-05,15408.900390625,15409.099609375,15147.7001953125,15409.099609375,0
2018-10-08,15173.0,15309.2998046875,15138.7998046875,15173.0,0
2018-10-09,15400.0,15400.0,15208.7998046875,15400.0,0
2018-10-10,15223.0,15240.7001953125,15169.400390625,15223.0,0
2018-10-11,15196.0,15290.7998046875,15141.7998046875,15231.7998046875,0
2018-10-12,15299.2001953125,15320.0,15158.099609375,15228.0,0
2018-10-15,15198.0,15344.2001953125,15140.5,15198.0,0
2018-10-16,15193.7998046875,15258.0,15127.599609375,15193.7001953125,0
2018-10-17,15193.0,15209.599609375,15138.400390625,15209.599609375,0
2018-10-18,15264.2998046875,15263.5,15153.2998046875,15263.5,0
2018-10-19,15328.5,15327.7001953125,15168.0,15327.7001953125,0
2018-10-22,15181.0,15226.0,15159.2998046875,15181.0,0
2018-10-23,15264.7001953125,15263.900390625,15163.0,15263.900390625,0
2018-10-24,15183.0,15247.5,15165.5,15165.5,0
2018-10-25,15269.5,15272.0,15168.599609375,15272.0,0
2018-10-26,15257.2998046875,15271.7998046875,15181.0,15259.7998046875,0
2018-10-29,15210.0,15289.900390625,15203.0,15210.0,0
2018-10-30,15297.7998046875,15300.2998046875,15179.5,15300.2998046875,0
2018-10-31,15273.099609375,15275.599609375,15159.099609375,15275.599609375,0
2018-11-01,15196.0,15208.400390625,15060.2001953125,15196.0,0
2018-11-02,15068.7001953125,15121.0,14875.7998046875,15068.7001953125,0
2018-11-05,14946.0,15023.099609375,14922.2998046875,14946.0,0
2018-11-06,14921.599609375,14969.0,14757.0,14921.599609375,0
2018-11-07,14830.0,14830.0,14514.2001953125,14830.0,0
2018-11-08,14598.900390625,14674.7001953125,14461.0,14594.2001953125,0
2018-11-09,14720.0,14755.0,14601.0,14719.2001953125,0
2018-11-12,14678.0,14860.0,14631.099609375,14678.0,0
2018-11-13,14808.0,14924.5,14777.2998046875,14808.0,0
2018-11-14,14794.2998046875,14831.7001953125,14699.099609375,14794.2998046875,0
2018-11-15,14813.2998046875,14815.7998046875,14579.099609375,14815.7998046875,0
2018-11-16,14562.2001953125,14617.2998046875,14519.099609375,14562.2001953125,0
2018-11-19,14605.0,14639.2001953125,14521.599609375,14605.0,0
2018-11-20,14652.7001953125,14668.0,14515.099609375,14655.2001953125,0
2018-11-21,14664.2998046875,14663.5,14557.2998046875,14663.5,0
2018-11-22,14630.0,14634.7998046875,14503.099609375,14629.2001953125,0
2018-11-23,14600.0,14600.0,14504.400390625,14600.0,0
2018-11-26,14533.0,14553.0,14409.099609375,14533.0,0
2018-11-27,14526.900390625,14543.7001953125,14464.099609375,14524.099609375,0
2018-11-28,14575.5,14557.7001953125,14506.5,14528.7001953125,0
2018-11-29,14459.7998046875,14521.0,14309.5,14459.7998046875,0
2018-11-30,14356.0,14376.0,14253.0,14358.5,0
2018-12-03,14296.0,14322.2998046875,13971.7001953125,14296.0,0
2018-12-04,14339.0,14370.099609375,14258.0,14339.0,0
2018-12-05,14448.599609375,14451.099609375,14358.0,14451.099609375,0
2018-12-06,14431.599609375,14614.0,14419.0,14429.400390625,0
2018-12-07,14528.0,14572.0,14437.5,14526.0,0
2018-12-10,14463.0,14650.0,14463.0,14463.0,0
2018-12-11,14548.0,14678.599609375,14546.7998046875,14592.2998046875,0
2018-12-12,14637.400390625,14639.900390625,14512.900390625,14639.900390625,0
2018-12-13,14579.7998046875,14591.0,14456.5,14580.0,0
2018-12-14,14550.0,14628.7001953125,14488.0,14549.2001953125,0
2018-12-17,14578.0,14626.599609375,14538.0,14578.0,0
2018-12-18,14588.7001953125,14590.2001953125,14438.0,14588.7001953125,0
2018-12-19,14490.0,14466.0,14343.0,14418.099609375,0
2018-12-20,14493.0,14549.2998046875,14410.0,14508.0,0
2018-12-21,14534.7998046875,14627.7998046875,14448.0,14529.0,0
2018-12-24,14548.0,14621.0,14548.0,14548.0,0
2018-12-25,14548.0,14607.5,14548.0,14548.0,0
2018-12-26,14710.0,14710.0,14549.0,14710.0,0
2018-12-27,14609.400390625,14652.0,14530.0,14609.400390625,0
2018-12-28,14561.599609375,14569.0,14508.0,14561.599609375,0
2018-12-31,14553.0,14553.0,14322.0,14553.0,0
2019-01-01,14460.0,14460.0,14460.0,14460.0,0
2019-01-02,14460.0,14513.0,14373.0,14460.0,0
2019-01-03,14409.7001953125,14502.5,14367.900390625,14409.7001953125,0
2019-01-04,14375.400390625,14403.0,14211.0,14375.400390625,0
2019-01-07,14267.0,14263.0,14008.0,14263.0,0
2019-01-08,14083.0,14164.0,13988.0,14094.0,0
2019-01-09,14138.0,14192.5,14058.0,14145.0,0
2019-01-10,14130.0,14130.0,14008.0,14130.0,0
2019-01-11,14048.0,14118.0,13991.0,14118.0,0
2019-01-14,14038.0,14176.0,14018.0,14038.0,0
2019-01-15,14117.0,14166.0,14054.0,14117.0,0
2019-01-16,14111.0,14185.0,14104.0,14139.0,0
2019-01-17,14140.0,14302.0,14118.0,14157.0,0
2019-01-18,14173.0,14236.5,14159.0,14195.5,0
2019-01-21,14168.0,14263.0,14156.0,14168.0,0
2019-01-22,14307.0,14307.0,14178.0,14307.0,0
2019-01-23,14208.0,14222.0,14132.2001953125,14208.0,0
2019-01-24,14130.900390625,14181.400390625,14106.5,14130.900390625,0
2019-01-25,14189.0,14190.0,14049.0,14190.0,0
2019-01-28,14078.0,14122.5,14018.0,14078.0,0
2019-01-29,14063.0,14105.900390625,14063.0,14081.7998046875,0
2019-01-30,14074.0,14147.2001953125,14073.0,14073.0,0
2019-01-31,14033.0,14073.0,13855.0,14030.0,0
2019-02-01,13966.0,14007.0,13931.2001953125,13931.599609375,0
2019-02-04,13933.0,14036.0,13930.0,13933.0,0
2019-02-05,13957.5,13976.0,13934.900390625,13957.5,0
2019-02-06,13950.5,13959.5,13885.5,13950.5,0
2019-02-07,13915.0,14005.7001953125,13915.0,13934.5,0
2019-02-08,13966.0,14025.0,13947.599609375,14025.0,0
2019-02-11,13958.0,14105.2001953125,13958.0,13958.0,0
2019-02-12,14033.0,14103.7001953125,13985.2001953125,14033.0,0
2019-02-13,14012.7001953125,14102.7001953125,14006.0,14012.7001953125,0
2019-02-14,14151.0,14178.0,14051.0,14151.0,0
2019-02-15,14083.0,14244.0,14083.0,14155.0,0
2019-02-18,14136.0,14145.0,14063.400390625,14136.0,0
2019-02-19,14192.5,14193.0,14055.7001953125,14193.0,0
2019-02-20,14096.5,14096.0,14014.7001953125,14096.0,0
2019-02-21,14033.0,14093.7001953125,14024.7001953125,14068.0,0
2019-02-22,14120.0,14120.0,14017.2001953125,14120.0,0
2019-02-25,14051.0,14051.0,13965.0,14051.0,0
2019-02-26,14011.0,14046.5,13961.0,14001.0,0
2019-02-27,13960.0,14060.5,13959.0,13963.0,0
2019-02-28,14015.0,14168.0,14016.0,14069.0,0
2019-03-01,14194.0,14195.5,14093.5,14195.5,0
2019-03-04,14108.0,14200.5,14107.099609375,14108.0,0
2019-03-05,14205.0,14205.0,14108.0,14205.0,0
2019-03-06,14150.5,14162.5,14098.5,14150.0,0
2019-03-07,14214.5,14249.5,14157.5,14216.0,0
2019-03-08,14240.7998046875,14411.0,14133.0,14240.7998046875,0
2019-03-11,14303.0,14338.0,14268.0,14303.0,0
2019-03-12,14283.0,14329.0,14220.0,14324.0,0
2019-03-13,14258.0,14287.5,14227.5,14286.0,0
2019-03-14,14258.0,14293.5,14228.0,14293.5,0
2019-03-15,14287.0,14333.0,14232.0,14333.0,0
2019-03-18,14251.0,14283.0,14204.0,14251.0,0
2019-03-19,14251.0,14252.0,14163.0,14246.0,0
2019-03-20,14223.0,14233.2998046875,14159.0,14224.0,0
2019-03-21,14055.0,14159.0,14055.0,14115.5,0
2019-03-22,14133.0,14279.0,14120.0,14152.5,0
2019-03-25,14158.0,14260.0,14158.0,14158.0,0
2019-03-26,14173.0,14245.0,14155.0,14173.0,0
2019-03-27,14163.0,14280.0,14163.0,14210.0,0
2019-03-28,14346.0,14346.0,14190.0,14346.0,0
2019-03-29,14235.0,14325.5,14210.0,14235.0,0
2019-04-01,14233.0,14270.5,14188.0,14233.0,0
2019-04-02,14240.0,14257.0,14201.0,14257.0,0
2019-04-03,14213.0,14235.0,14166.5,14213.0,0
2019-04-04,14210.0,14253.099609375,14142.0,14210.0,0
2019-04-05,14151.0,14211.0,14120.0,14211.0,0
2019-04-08,14112.0,14188.0,14111.0,14111.0,0
2019-04-09,14191.0,14220.0,14125.0,14220.0,0
2019-04-10,14136.0,14174.2998046875,14126.0,14126.0,0
2019-04-11,14177.0,14223.0,14130.0,14223.0,0
2019-04-12,14138.0,14257.0,14090.0,14257.0,0
2019-04-15,14086.0,14102.7998046875,14056.0,14086.0,0
2019-04-16,14155.5,14157.0,14049.0,14157.0,0
2019-04-17,14079.0,14157.0,13972.0,14157.0,0
2019-04-18,14078.0,14078.0,13979.5,14045.0,0
2019-04-19,14036.0,14104.0,13997.5,14104.0,0
2019-04-22,14036.0,14123.900390625,14036.0,14036.0,0
2019-04-23,14061.5,14117.5,14055.400390625,14061.5,0
2019-04-24,14061.0,14139.900390625,14052.0,14052.0,0
2019-04-25,14154.0,14266.0,14128.7001953125,14266.0,0
2019-04-26,14306.5,14305.0,14152.0,14305.0,0
2019-04-29,14165.0,14213.0,14142.0,14163.0,0
2019-04-30,14191.0,14295.0,14193.0,14295.0,0
2019-05-01,14243.0,14291.0,14178.5,14286.0,0
2019-05-02,14244.2998046875,14269.2998046875,14214.5,14245.0,0
2019-05-03,14244.0,14337.0,14242.0,14337.0,0
2019-05-06,14230.0,14346.900390625,14204.0,14204.0,0
2019-05-07,14286.0,14386.0,14263.0,14386.0,0
2019-05-08,14346.2998046875,14450.0,14281.0,14450.0,0
2019-05-09,14288.0,14444.0,14301.0,14444.0,0
2019-05-10,14343.0,14495.0,14317.7001953125,14495.0,0
2019-05-13,14318.0,14511.0,14318.0,14318.0,0
2019-05-14,14497.400390625,14655.0,14380.0,14655.0,0
2019-05-15,14423.0,14544.0,14417.0,14544.0,0
2019-05-16,14540.0,14540.0,14417.5,14540.0,0
2019-05-17,14569.5,14571.0,14311.0,14571.0,0
2019-05-20,14443.0,14492.2998046875,14410.0,14443.0,0
2019-05-21,14448.0,14500.099609375,14442.0,14477.099609375,0
2019-05-23,14518.0,14616.5,14443.5,14616.5,0
2019-05-24,14453.0,14556.0,14329.5,14556.0,0
2019-05-27,14386.0,14402.2998046875,14333.099609375,14386.0,0
2019-05-28,14445.0,14445.0,14356.0,14445.0,0
2019-05-29,14468.0,14469.5,14310.5,14469.5,0
2019-05-30,14393.0,14414.5,14359.0,14397.0,0
2019-05-31,14401.0,14406.0,14254.5,14399.0,0
2019-06-03,14268.0,14269.5,14174.2998046875,14268.0,0
2019-06-04,14237.0,14254.5,14161.2998046875,14237.0,0
2019-06-05,14260.0,14268.0,14147.0,14260.0,0
2019-06-06,14280.0,14280.0,14180.0,14280.0,0
2019-06-07,14256.0,14268.0,14183.0,14256.0,0
2019-06-10,14268.0,14270.0,14206.0,14268.0,0
2019-06-11,14276.0,14310.0,14179.0,14276.0,0
2019-06-12,14294.5,14255.0,14203.0,14225.0,0
2019-06-13,14262.0,14316.0,14228.0,14262.0,0
2019-06-14,14273.0,14342.5,14273.0,14293.0,0
2019-06-17,14318.0,14353.0,14311.7998046875,14318.0,0
2019-06-18,14413.5,14415.0,14222.0,14415.0,0
2019-06-19,14289.5,14291.0,14237.5,14291.0,0
2019-06-20,14280.0,14280.2001953125,14092.0,14280.0,0
2019-06-21,14142.0,14177.2998046875,14078.7001953125,14140.0,0
2019-06-24,14148.0,14176.099609375,14118.5,14148.0,0
2019-06-25,14183.0,14182.0,14097.5,14182.0,0
2019-06-26,14118.0,14231.5,14118.0,14201.0,0
2019-06-27,14215.5,14215.0,14123.5,14215.0,0
2019-06-28,14184.5,14184.0,14100.2001953125,14184.0,0
2019-07-01,14121.0,14121.0,14070.5,14121.0,0
2019-07-02,14150.0,14193.900390625,14104.2001953125,14148.0,0
2019-07-03,14196.0,14194.0,14117.5,14194.0,0
2019-07-04,14178.5,14181.0,14090.400390625,14181.0,0
2019-07-05,14150.0,14174.0,14081.0,14150.0,0
2019-07-08,14076.0,14156.7001953125,14066.2001953125,14076.0,0
2019-07-09,14187.0,14189.5,14100.599609375,14189.5,0
2019-07-10,14236.0,14235.0,14055.0,14235.0,0
2019-07-11,14161.5,14164.0,14036.5,14164.0,0
2019-07-12,14124.0,14126.5,13977.0,14126.5,0
2019-07-15,14000.0,14000.0,13893.0,14000.0,0
2019-07-16,13913.0,13954.5,13898.0,13929.2001953125,0
2019-07-17,14008.5,14011.0,13925.0,14011.0,0
2019-07-18,14023.0,14024.7998046875,13928.0,14024.7998046875,0
2019-07-19,13970.0,13968.0,13883.0,13968.0,0
2019-07-22,13941.0,13968.0,13919.0,13941.0,0
2019-07-23,13997.0,13995.0,13931.0,13995.0,0
2019-07-24,14039.0,14038.0,13970.5,14038.0,0
2019-07-25,14027.5,14030.0,13934.0,14030.0,0
2019-07-26,14052.7001953125,14055.2001953125,13970.7998046875,14055.2001953125,0
2019-07-29,13997.0,14041.599609375,13982.5,13997.0,0
2019-07-30,14066.0,14064.2001953125,14007.5,14064.2001953125,0
2019-07-31,14066.400390625,14066.599609375,14000.0,14066.599609375,0
2019-08-01,14165.0,14167.7001953125,14078.0,14165.0,0
2019-08-02,14329.0,14329.0,14158.0,14329.0,0
2019-08-05,14173.0,14372.2001953125,14173.0,14173.0,0
2019-08-06,14248.0,14442.7001953125,14246.7998046875,14248.0,0
2019-08-07,14258.0,14298.2001953125,14174.2998046875,14282.0,0
2019-08-08,14274.5,14271.2001953125,14167.7001953125,14271.2001953125,0
2019-08-09,14236.5,14242.5,14160.5,14234.2001953125,0
2019-08-12,14183.0,14315.5,14183.0,14183.0,0
2019-08-13,14241.0,14338.599609375,14170.0,14289.0,0
2019-08-14,14232.7998046875,14297.2998046875,14170.7998046875,14234.5,0
2019-08-15,14238.0,14316.2001953125,14238.0,14295.2998046875,0
2019-08-16,14333.0,14333.0,14196.400390625,14333.0,0
2019-08-19,14228.0,14258.0,14188.0,14228.0,0
2019-08-20,14337.2998046875,14339.7998046875,14227.0,14339.7998046875,0
2019-08-21,14326.099609375,14325.7998046875,14215.2001953125,14325.7998046875,0
2019-08-22,14275.0,14279.900390625,14211.2001953125,14275.0,0
2019-08-23,14228.0,14284.7001953125,14054.2998046875,14284.7001953125,0
2019-08-26,14206.0,14336.7998046875,14176.0,14206.0,0
2019-08-27,14253.7998046875,14277.599609375,14219.7001953125,14251.0,0
2019-08-28,14343.7998046875,14343.5,14244.0,14343.5,0
2019-08-29,14311.2998046875,14310.0,14185.0,14310.0,0
2019-08-30,14231.0,14264.0,14151.0,14264.0,0
2019-09-02,14178.0,14200.2001953125,14169.0,14178.0,0
2019-09-03,14265.0,14265.0,14170.0,14265.0,0
2019-09-04,14260.7001953125,14260.7001953125,14117.2001953125,14260.7001953125,0
2019-09-05,14146.0,14187.7001953125,14017.2001953125,14187.7001953125,0
2019-09-06,14172.2998046875,14185.7001953125,14057.7998046875,14174.7998046875,0
2019-09-09,14088.0,14101.5,14022.400390625,14088.0,0
2019-09-10,14024.0,14075.0,14013.900390625,14075.0,0
2019-09-11,14095.7998046875,14095.0,14020.7001953125,14095.0,0
2019-09-12,14106.400390625,14103.599609375,13889.5,14103.599609375,0
2019-09-13,13983.0,13993.2001953125,13911.0,13955.7001953125,0
2019-09-16,13958.0,14060.2998046875,13958.0,13958.0,0
2019-09-17,14170.2998046875,14168.5,14035.0,14168.5,0
2019-09-18,14126.7998046875,14125.0,14049.5,14125.0,0
2019-09-19,14126.0,14124.2001953125,14044.7001953125,14124.2001953125,0
2019-09-20,14158.0,14157.7001953125,14038.599609375,14157.7001953125,0
2019-09-23,14048.0,14087.2998046875,14048.0,14048.0,0
2019-09-24,14078.0,14176.400390625,14065.2001953125,14115.7998046875,0
2019-09-25,14177.2998046875,14223.400390625,14111.0,14179.7998046875,0
2019-09-26,14211.2998046875,14213.7998046875,14101.0,14213.7998046875,0
2019-09-27,14236.7998046875,14236.5,14145.599609375,14236.5,0
2019-09-30,14158.0,14192.5,14146.2998046875,14158.0,0
2019-10-01,14219.400390625,14241.5,14160.2998046875,14221.900390625,0
2019-10-02,14206.0,14265.099609375,14179.900390625,14265.099609375,0
2019-10-03,14188.0,14247.7001953125,14135.400390625,14247.7001953125,0
2019-10-04,14166.0,14195.0,14112.0,14195.0,0
2019-10-07,14128.0,14181.5,14128.0,14128.0,0
2019-10-08,14239.5,14237.0,14128.0,14237.0,0
2019-10-09,14210.0,14207.0,14129.5,14207.0,0
2019-10-10,14217.5,14220.0,14039.5,14220.0,0
2019-10-11,14145.0,14162.0,14095.7998046875,14162.0,0
2019-10-14,14121.0,14140.0,14098.7998046875,14121.0,0
2019-10-15,14168.5,14178.5,14126.2998046875,14171.0,0
2019-10-16,14216.0,14215.0,14103.0,14215.0,0
2019-10-17,14224.0,14226.5,14132.0,14226.5,0
2019-10-18,14184.5,14185.0,14126.2998046875,14185.0,0
2019-10-21,14138.0,14180.0,14051.2998046875,14138.0,0
2019-10-22,14102.5,14103.0,13981.7998046875,14103.0,0
2019-10-23,14042.5,14066.2998046875,13973.2998046875,14040.0,0
2019-10-24,13987.0,14062.099609375,13971.900390625,13986.0,0
2019-10-25,14089.5,14087.0,14023.5,14087.0,0
2019-10-28,14028.0,14030.0,13976.0,14028.0,0
2019-10-29,14018.0,14055.5,14000.7001953125,14041.0,0
2019-10-30,14018.0,14071.7998046875,14013.0,14071.7998046875,0
2019-10-31,14060.0,14096.0,13991.2998046875,14062.5,0
2019-11-01,14123.5,14126.0,14002.0,14126.0,0
2019-11-04,14014.0,14034.0,13976.5,14015.0,0
2019-11-05,14058.0,14059.7998046875,13900.0,14059.7998046875,0
2019-11-06,14028.5,14056.0,13961.0,14025.0,0
2019-11-07,14008.0,14078.0,13983.0,14075.0,0
2019-11-08,14013.0,14054.900390625,13990.0,14024.0,0
2019-11-11,14014.0390625,14083.2998046875,14007.0,14009.3994140625,0
2019-11-12,13997.2001953125,14113.7998046875,13997.0087890625,14113.7998046875,0
2019-11-13,13852.7470703125,14145.7998046875,13852.7177734375,14145.7998046875,0
2019-11-14,13871.640625,14169.0,13871.541015625,14169.0,0
2019-11-15,14078.0,14151.0,14048.0,14076.6357421875,0
2019-11-18,13840.302734375,14099.900390625,13833.4931640625,13836.708984375,0
2019-11-19,14139.0,14138.0,13853.693359375,14138.0,0
2019-11-20,14083.0,14135.0,13885.400390625,14135.0,0
2019-11-21,14035.2783203125,14143.0,14034.177734375,14143.0,0
2019-11-22,14070.0,14130.7998046875,14070.0,14115.0,0
2019-11-25,14083.01171875,14127.7998046875,14072.2998046875,14083.01171875,0
2019-11-26,14063.748046875,14126.0,14056.7998046875,14126.0,0
2019-11-27,14078.0,14130.0,14078.0,14130.0,0
2019-11-28,14087.1298828125,14133.5,14081.0,14131.5,0
2019-11-29,13868.66015625,14158.5,13868.16015625,13870.048828125,0
2019-12-02,13868.345703125,14136.7998046875,13867.005859375,13867.24609375,0
2019-12-03,14123.2763671875,14170.2998046875,14098.5,14161.7998046875,0
2019-12-04,14098.0,14154.0,14086.0,14154.0,0
2019-12-05,13994.884765625,14130.0,13994.748046875,14130.0,0
2019-12-06,14058.0,14058.0,13965.9990234375,14056.0,0
2019-12-09,14022.3798828125,14031.0,13982.0,14021.6201171875,0
2019-12-10,14004.6005859375,14033.5,13987.0,14025.5,0
2019-12-11,14021.0,14060.599609375,13986.0,14020.0,0
2019-12-12,13976.61328125,14051.7001953125,13938.900390625,14050.0,0
2019-12-13,13933.3564453125,14033.0,13928.4296875,14000.0,0
2019-12-16,13968.525390625,14044.0,13959.009765625,13962.6611328125,0
2019-12-17,14022.5,14023.0,13975.7998046875,14023.0,0
2019-12-18,14024.0,14026.5,13957.599609375,14026.5,0
2019-12-19,13966.919921875,14014.900390625,13947.326171875,14010.0,0
2019-12-20,13978.15625,14019.2998046875,13964.0,13997.0,0
2019-12-23,13957.5810546875,13992.2998046875,13957.958984375,13957.958984375,0
2019-12-24,13955.626953125,13992.099609375,13953.6513671875,13990.0,0
2019-12-25,13961.0,13990.0,13719.0078125,13990.0,0
2019-12-26,13991.0,14042.470703125,13732.765625,13990.0,0
2019-12-27,13977.5,13990.5,13939.0,13978.0,0
2019-12-30,13953.841796875,13950.2001953125,13881.0,13944.2744140625,0
2019-12-31,13919.0,13935.0,13831.0,13923.0,0
2020-01-01,13690.3720703125,13876.0,13681.833984375,13862.0,0
2020-01-02,13689.2314453125,13906.0,13688.203125,13847.0,0
2020-01-03,13884.7861328125,13966.0,13775.5,13881.2998046875,0
2020-01-06,13934.31640625,13973.2998046875,13916.0,13931.1328125,0
2020-01-07,13926.5,13939.0,13875.5,13929.0,0
2020-01-08,13867.236328125,13956.2998046875,13859.5,13933.0,0
2020-01-09,13886.939453125,13900.9638671875,13833.0,13875.0,0
2020-01-10,13827.560546875,13870.5,13716.0,13870.5,0
2020-01-13,13522.4345703125,13756.0,13523.8193359375,13526.6318359375,0
2020-01-14,13665.3046875,13718.0,13635.0,13666.08203125,0
2020-01-15,13668.0400390625,13727.2001953125,13637.0,13694.0,0
2020-01-16,13665.0966796875,13723.5,13615.5,13723.5,0
2020-01-17,13623.0,13688.0,13616.91796875,13669.7998046875,0
2020-01-20,13456.98828125,13657.900390625,13447.69140625,13452.9248046875,0
2020-01-21,13615.0,13690.5,13614.0,13648.0,0
2020-01-22,13651.0,13714.5,13555.0,13714.5,0
2020-01-23,13626.38671875,13678.0,13603.0,13678.0,0
2020-01-24,13609.1884765625,13692.0,13556.0,13692.0,0
2020-01-27,13711.9736328125,13711.8466796875,13566.0,13711.2041015625,0
2020-01-28,13213.240234375,13719.0,13215.0400390625,13719.0,0
2020-01-29,13634.0,13658.7998046875,13604.0771484375,13641.5,0
2020-01-30,13614.0146484375,13701.900390625,13611.5146484375,13650.0,0
2020-01-31,13643.1806640625,13783.599609375,13593.8984375,13712.0,0
2020-02-03,13633.126953125,13810.5,13638.9052734375,13638.9052734375,0
2020-02-04,13735.5,13771.2998046875,13681.5,13732.2001953125,0
2020-02-05,13702.4072265625,13731.7998046875,13628.599609375,13715.2998046875,0
2020-02-06,13668.267578125,13680.0,13593.0,13680.0,0
2020-02-07,13698.0,13762.599609375,13434.669921875,13699.7998046875,0
2020-02-10,13675.853515625,13757.2998046875,13667.3642578125,13670.771484375,0
2020-02-11,13691.58984375,13745.0,13648.0,13745.0,0
2020-02-12,13657.5537109375,13684.599609375,13641.2998046875,13684.0,0
2020-02-13,13500.7373046875,13718.400390625,13494.7958984375,13708.7998046875,0
2020-02-14,13695.400390625,13745.5,13668.0,13745.5,0
2020-02-17,13681.2900390625,13695.900390625,13646.0,13667.939453125,0
2020-02-18,13649.2412109375,13726.0,13649.21484375,13726.0,0
2020-02-19,13768.0,13769.7998046875,13645.3505859375,13769.7998046875,0
2020-02-20,13762.0,13845.099609375,13655.7890625,13763.7998046875,0
2020-02-21,13703.482421875,13899.2998046875,13701.666015625,13899.2998046875,0
2020-02-24,13771.486328125,13968.900390625,13757.0,13783.5576171875,0
2020-02-25,13879.9296875,14051.0,13851.2001953125,14050.0,0
2020-02-26,14056.5,14108.5,13856.7529296875,14056.0,0
2020-02-27,13931.0,14176.900390625,13901.0,13929.0,0
2020-02-28,14316.0,14422.0,14009.62890625,14316.2998046875,0
2020-03-02,13971.9619140625,14731.0,13929.294921875,13941.341796875,0
2020-03-03,14220.0,14277.0,14056.900390625,14220.0,0
2020-03-04,14199.5,14275.0,14057.5,14275.0,0
2020-03-05,14256.0,14292.5,14111.0,14255.0,0
2020-03-06,14309.599609375,14463.7998046875,14187.0,14462.0,0
2020-03-09,14251.5390625,14796.0,14124.7646484375,14124.7646484375,0
2020-03-10,14094.818359375,14702.0,13877.818359375,14702.0,0
2020-03-11,14272.900390625,14481.0,14273.099609375,14291.5,0
2020-03-12,14526.0,14709.5,14244.03125,14524.0,0
2020-03-13,14850.0,14984.0,14060.0,14850.0,0
2020-03-16,14635.0224609375,15131.5,14610.8330078125,14624.8505859375,0
2020-03-17,15192.0,15280.5,14923.9638671875,14923.9638671875,0
2020-03-18,14955.7880859375,15523.0,14889.900390625,15199.0,0
2020-03-19,15474.5,16180.0,15437.5,15472.5,0
2020-03-20,15908.0,16327.5,15785.5,15913.0,0
2020-03-23,15766.2470703125,16639.5,16045.0,16625.0,0
2020-03-24,16504.80078125,16915.0,16149.0,16915.0,0
2020-03-25,16216.5,16493.0,15701.0,16220.0,0
2020-03-26,16447.720703125,16449.21875,15959.5,16201.0,0
2020-03-27,16218.63671875,16355.0,14944.5,16208.7373046875,0
2020-03-30,16005.3349609375,16439.5,15739.6123046875,15739.6123046875,0
2020-03-31,16346.9619140625,16474.5,16034.5,16408.0,0
2020-04-01,16277.943359375,17178.0,16273.0,16395.5,0
2020-04-02,16412.80859375,17144.0,16399.5,17144.0,0
2020-04-03,16441.263671875,16849.0,16440.923828125,16820.0,0
2020-04-06,16418.0,16785.0,16352.0087890625,16373.5712890625,0
2020-04-07,16364.6484375,16633.5,15969.5,16633.5,0
2020-04-08,16225.0,16349.5,16054.5,16225.0,0
2020-04-09,16159.376953125,16241.0,15710.2998046875,16241.0,0
2020-04-10,15811.9677734375,15835.0,15587.2001953125,15835.0,0
2020-04-13,15800.0,15854.0,15610.5,15801.0,0
2020-04-14,15751.0,15778.0,15351.5,15766.0,0
2020-04-15,15578.3466796875,15793.0,15568.0,15747.5,0
2020-04-16,15887.5,15881.0,15319.5,15881.0,0
2020-04-17,15568.3388671875,15821.0,15383.2001953125,15821.0,0
2020-04-20,15423.0,15662.0,15172.310546875,15172.58984375,0
2020-04-21,15377.080078125,15712.0,15375.48046875,15712.0,0
2020-04-22,15394.6787109375,15875.5,15388.1572265625,15875.5,0
2020-04-23,15408.6220703125,15770.5,15416.7470703125,15770.5,0
2020-04-24,15665.0,15784.5,15398.6767578125,15660.5,0
2020-04-27,15348.744140625,15584.0,15348.259765625,15348.259765625,0
2020-04-28,15312.3857421875,15637.0,15299.08984375,15637.0,0
2020-04-29,15364.5947265625,15497.7998046875,15180.2998046875,15497.7998046875,0
2020-04-30,15234.63671875,15241.642578125,14399.0,15237.7998046875,0
2020-05-01,15249.0,15446.0,14535.05078125,15252.7998046875,0
2020-05-04,14671.0,15236.0,14841.541015625,14841.541015625,0
2020-05-05,15044.0,15293.0,14989.900390625,15043.0,0
2020-05-06,15335.0,15332.7998046875,15026.5,15332.7998046875,0
2020-05-07,14998.33203125,15430.0,14993.8427734375,15430.0,0
2020-05-08,15227.0,15227.0,14880.5,15227.0,0
2020-05-11,14721.3984375,14980.0,14868.5,14899.7607421875,0
2020-05-12,14848.7001953125,15057.5,14773.0,15057.5,0
2020-05-13,14994.0,14997.7998046875,14777.0,14997.7998046875,0
2020-05-14,14846.873046875,14973.0,14824.2001953125,14962.0,0
2020-05-15,14810.1201171875,15027.0,14814.4423828125,15027.0,0
2020-05-18,14853.0,14912.5,14799.2998046875,14853.0,0
2020-05-19,14878.0,14885.5,14749.2998046875,14885.5,0
2020-05-20,14748.447265625,14855.5,14682.0,14855.5,0
2020-05-21,14771.0,14773.5,14671.5,14773.5,0
2020-05-22,14826.0,14924.0,14684.970703125,14828.5,0
2020-05-25,14703.0,14875.0,14502.7119140625,14654.9541015625,0
2020-05-26,14501.7578125,15008.5,14496.7001953125,15008.5,0
2020-05-27,14850.0,14842.5,14680.0,14842.5,0
2020-05-28,14888.5,14815.2998046875,14633.3505859375,14786.2998046875,0
2020-05-29,14825.0,14882.2412109375,14507.0,14817.5,0
2020-06-01,14603.0,14603.0,14435.5,14540.712890625,0
2020-06-02,14573.5,14603.0,14334.0,14570.0,0
2020-06-03,14343.8232421875,14375.099609375,14082.0,14375.099609375,0
2020-06-04,14130.0,14194.2998046875,14043.388671875,14130.0,0
2020-06-05,14085.447265625,14170.0,13888.0,14170.0,0
2020-06-08,13863.0,14034.0,13804.8330078125,13810.2548828125,0
2020-06-09,14070.7998046875,14123.7998046875,13835.662109375,14071.0,0
2020-06-10,13852.103515625,14249.2001953125,13852.904296875,14249.2001953125,0
2020-06-11,13947.443359375,14249.5,13944.5732421875,14220.0,0
2020-06-12,14475.0,14475.0,13947.619140625,14475.0,0
2020-06-15,14118.0,14312.7001953125,13976.2763671875,14045.767578125,0
2020-06-16,13988.119140625,14235.7001953125,13983.3310546875,13987.9189453125,0
2020-06-17,14275.0,14243.400390625,14013.880859375,14021.677734375,0
2020-06-18,14102.7353515625,14243.099609375,14047.580078125,14086.98046875,0
2020-06-19,13997.6923828125,14250.2998046875,14000.814453125,14001.0263671875,0
2020-06-22,14093.0,14301.5,14045.9111328125,14055.63671875,0
2020-06-23,14080.134765625,14267.900390625,14020.599609375,14079.1611328125,0
2020-06-24,14113.177734375,14250.7001953125,14080.0,14250.7001953125,0
2020-06-25,14289.2998046875,14288.099609375,14102.7001953125,14190.099609375,0
2020-06-26,14376.2001953125,14364.599609375,14098.1982421875,14098.1982421875,0
2020-06-29,14213.0,14397.099609375,14132.84375,14137.455078125,0
2020-06-30,14470.2001953125,14593.5,14149.693359375,14149.693359375,0
2020-07-01,14194.05078125,14604.2001953125,14148.2001953125,14604.2001953125,0
2020-07-02,14187.8583984375,14591.400390625,14187.900390625,14591.400390625,0
2020-07-03,14298.779296875,14626.400390625,14298.2509765625,14626.400390625,0
2020-07-06,14503.0,14526.2998046875,14266.791015625,14288.572265625,0
2020-07-07,14206.5087890625,14483.0,14182.484375,14206.9736328125,0
2020-07-08,14483.5,14483.5,14234.603515625,14483.5,0
2020-07-09,14349.5654296875,14523.0,14341.732421875,14498.7001953125,0
2020-07-10,14545.7001953125,14545.7001953125,14314.5029296875,14545.7001953125,0
2020-07-13,14428.0,14493.0,14205.001953125,14208.8056640625,0
2020-07-14,14584.0,14614.2001953125,14348.0,14584.7001953125,0
2020-07-15,14715.400390625,14605.7998046875,14345.412109375,14364.6171875,0
2020-07-16,14561.171875,14674.5,14560.0,14588.1474609375,0
2020-07-17,14552.2099609375,14830.0,14546.412109375,14830.0,0
2020-07-20,14688.0,14884.7001953125,14610.9140625,14610.9140625,0
2020-07-21,14949.2998046875,14950.0,14680.2001953125,14950.0,0
2020-07-22,14626.8623046875,14754.2001953125,14553.599609375,14754.2001953125,0
2020-07-23,14630.0,14704.2001953125,14538.0,14704.2001953125,0
2020-07-24,14578.904296875,14700.0,14549.0,14700.0,0
2020-07-27,14603.0,14629.599609375,14461.42578125,14527.73046875,0
2020-07-28,14614.5,14605.599609375,14459.078125,14465.705078125,0
2020-07-29,14633.5,14663.900390625,14473.2861328125,14480.234375,0
2020-07-30,14458.3447265625,14733.7001953125,14457.80859375,14457.80859375,0
2020-07-31,14486.6689453125,14737.099609375,14470.927734375,14485.6689453125,0
2020-08-03,14593.0,14727.400390625,14584.5771484375,14591.4765625,0
2020-08-04,14540.9208984375,14776.5,14539.759765625,14540.669921875,0
2020-08-05,14720.0,14720.0,14465.591796875,14720.0,0
2020-08-06,14307.642578125,14626.0,14296.4951171875,14574.2001953125,0
2020-08-07,14568.45703125,14731.099609375,14566.2197265625,14639.400390625,0
2020-08-10,14618.0,14761.599609375,14467.62109375,14481.1171875,0
2020-08-11,14823.7998046875,14768.599609375,14593.58984375,14593.58984375,0
2020-08-12,14858.5,14833.5,14613.5830078125,14617.96484375,0
2020-08-13,14670.8095703125,14953.599609375,14670.94921875,14953.599609375,0
2020-08-14,14673.4970703125,14954.599609375,14674.15625,14948.5,0
2020-08-17,14788.0,14917.0,14549.79296875,14550.79296875,0
2020-08-18,14969.400390625,14971.099609375,14701.638671875,14971.099609375,0
2020-08-19,14598.072265625,14838.0,14592.697265625,14596.9716796875,0
2020-08-20,14694.197265625,14789.2998046875,14681.5,14693.6015625,0
2020-08-21,14543.412109375,14793.400390625,14533.8671875,14541.8115234375,0
2020-08-24,14764.0,14800.2998046875,14576.541015625,14576.541015625,0
2020-08-25,14629.400390625,14664.0,14518.140625,14523.580078125,0
2020-08-26,14607.7001953125,14686.0,14435.1943359375,14607.7001953125,0
2020-08-27,14447.3828125,14729.099609375,14446.4130859375,14643.599609375,0
2020-08-28,14446.00390625,14735.599609375,14446.3994140625,14735.599609375,0
2020-08-31,14618.0,14626.7998046875,14412.6337890625,14419.380859375,0
2020-09-01,14599.7001953125,14723.7001953125,14337.1328125,14599.7001953125,0
2020-09-02,14818.599609375,14884.0,14453.9521484375,14453.9521484375,0
2020-09-03,14565.1474609375,14895.0,14569.271484375,14895.0,0
2020-09-04,14545.9873046875,14854.5,14536.59375,14854.5,0
2020-09-07,14741.0,14791.2998046875,14706.0,14752.2275390625,0
2020-09-08,14795.0,14878.0,14543.255859375,14795.0,0
2020-09-09,14915.2001953125,14915.2001953125,14760.0,14915.2001953125,0
2020-09-10,14874.2001953125,14994.7001953125,14761.6591796875,14869.7001953125,0
2020-09-11,14857.470703125,15045.2998046875,14870.970703125,15040.2001953125,0
2020-09-14,14883.0,15035.0,14858.60546875,14860.9931640625,0
2020-09-15,14983.5,15010.4892578125,14799.599609375,14979.0,0
2020-09-16,14869.599609375,14881.1943359375,14783.0,14865.099609375,0
2020-09-17,14812.5869140625,14887.0,14722.599609375,14850.5,0
2020-09-18,14788.0,14816.30859375,14679.599609375,14795.5,0
2020-09-21,14728.0,14829.5,14573.099609375,14715.4150390625,0
2020-09-22,14839.2001953125,14859.0,14694.8076171875,14834.7001953125,0
2020-09-23,14742.5859375,14899.900390625,14740.5859375,14829.7001953125,0
2020-09-24,14803.9853515625,15041.5,14660.599609375,14955.5,0
2020-09-25,14839.578125,15019.7998046875,14841.4306640625,15019.7998046875,0
2020-09-28,14863.0,14980.599609375,14816.2998046875,14832.0244140625,0
2020-09-29,14893.599609375,14989.0,14848.900390625,14889.099609375,0
2020-09-30,14910.0,14972.7998046875,14809.7001953125,14905.5,0
2020-10-01,14879.0,14897.900390625,14709.5,14857.0,0
2020-10-02,14817.55859375,14933.5,14816.9912109375,14870.5,0
2020-10-05,14853.0,14853.0,14672.400390625,14829.85546875,0
2020-10-06,14780.1826171875,14773.5,14675.5,14705.0,0
2020-10-07,14773.0,14846.4921875,14709.0,14780.5,0
2020-10-08,14715.5,14764.0,14692.5,14727.5,0
2020-10-09,14676.99609375,14759.2001953125,14619.900390625,14759.2001953125,0
2020-10-12,14693.0,14751.5,14681.6416015625,14683.48046875,0
2020-10-13,14484.9921875,14787.7998046875,14484.2529296875,14775.0,0
2020-10-14,14793.0,14790.0,14664.677734375,14790.0,0
2020-10-15,14681.462890625,14800.2001953125,14671.5400390625,14758.2001953125,0
2020-10-16,14652.5,14779.2001953125,14652.599609375,14779.2001953125,0
2020-10-19,14693.0,14770.0,14663.5947265625,14693.0,0
2020-10-20,14708.0,14730.0,14640.5,14705.0,0
2020-10-21,14688.0,14701.599609375,14527.2412109375,14685.0,0
2020-10-22,14639.775390625,14744.0,14613.0,14635.0,0
2020-10-23,14639.8525390625,14745.0,14640.0,14743.0,0
2020-10-26,14642.7822265625,14716.400390625,14645.5,14662.8916015625,0
2020-10-27,14724.2001953125,14724.2001953125,14618.0,14724.2001953125,0
2020-10-28,14653.2744140625,14810.2998046875,14652.3603515625,14670.0,0
2020-10-29,14777.2001953125,14811.099609375,14730.900390625,14777.2001953125,0
2020-10-30,14818.0,14819.2998046875,14462.9052734375,14462.9052734375,0
2020-11-02,14586.169921875,14748.7998046875,14611.2001953125,14632.28125,0
2020-11-03,14603.9580078125,14669.2001953125,14445.7001953125,14604.18359375,0
2020-11-04,14540.892578125,14623.7998046875,14126.7998046875,14493.7998046875,0
2020-11-05,14360.0,14507.5263671875,14237.7998046875,14360.0,0
2020-11-06,14256.0,14316.7998046875,14190.0,14256.0,0
2020-11-09,14198.671875,14218.5,13931.7001953125,14175.9296875,0
2020-11-10,14256.3603515625,14263.8388671875,13984.7001953125,14050.0,0
2020-11-11,14041.544921875,14224.2001953125,13990.5,14140.0,0
2020-11-12,13878.9892578125,14233.0,13876.3427734375,13876.4150390625,0
2020-11-13,14133.4912109375,14241.400390625,14127.009765625,14135.591796875,0
2020-11-16,14135.5595703125,14163.0,14067.7001953125,14123.1298828125,0
2020-11-17,14089.2001953125,14122.099609375,14031.0,14089.2001953125,0
2020-11-18,14026.451171875,14130.7001953125,14025.2421875,14025.951171875,0
2020-11-19,14110.2001953125,14259.400390625,14096.2001953125,14110.2001953125,0
2020-11-20,14189.900390625,14233.599609375,14148.0,14189.900390625,0
2020-11-23,14150.9912109375,14202.7998046875,14113.2900390625,14139.513671875,0
2020-11-24,14164.60546875,14240.400390625,14143.0,14230.0,0
2020-11-25,14121.7998046875,14203.099609375,14018.2001953125,14203.099609375,0
2020-11-26,14127.470703125,14161.0,14101.0,14140.0,0
2020-11-27,13897.6689453125,14157.2001953125,13869.3271484375,14035.0,0
2020-11-30,14061.64453125,14197.7998046875,13826.873046875,14052.7216796875,0
2020-12-01,14094.935546875,14206.0,13837.6513671875,14200.0,0
2020-12-02,14175.0,14246.7001953125,13955.2001953125,14175.0,0
2020-12-03,14076.419921875,14229.2001953125,14076.2197265625,14199.2001953125,0
2020-12-04,14092.798828125,14190.0,14085.9560546875,14190.0,0
2020-12-07,14076.490234375,14217.400390625,14069.865234375,14079.8095703125,0
2020-12-08,14143.0,14165.5,14080.0,14140.0,0
2020-12-09,14083.0107421875,14173.599609375,14051.2998046875,14160.0,0
2020-12-10,14150.0,14150.0,14074.1318359375,14150.0,0
2020-12-11,14082.5927734375,14175.0,14076.0,14160.7001953125,0
2020-12-14,14069.1572265625,14199.2998046875,14043.978515625,14044.1103515625,0
2020-12-15,14221.900390625,14225.0,14056.4599609375,14220.900390625,0
2020-12-16,14190.0,14199.0,14101.0810546875,14190.0,0
2020-12-17,14070.537109375,14169.2001953125,14065.7412109375,14169.2001953125,0
2020-12-18,14083.8505859375,14170.0,14062.0,14125.0,0
2020-12-21,14068.9375,14262.599609375,14100.0,14116.25390625,0
2020-12-22,14100.7314453125,14304.7998046875,14103.630859375,14234.2001953125,0
2020-12-23,14324.2001953125,14324.2001953125,14109.7236328125,14324.2001953125,0
2020-12-24,14146.9013671875,14285.0,14129.1025390625,14285.0,0
2020-12-25,14148.6435546875,14216.7998046875,13994.3115234375,14215.0,0
2020-12-28,13911.1435546875,14201.0,13930.0234375,14000.8466796875,0
2020-12-29,14126.1201171875,14164.0,14071.5,14090.0,0
2020-12-30,14069.9091796875,14156.5,13993.400390625,14156.5,0
2020-12-31,13832.5595703125,14027.2998046875,13832.3349609375,13990.0,0
2021-01-01,13932.3740234375,14034.4736328125,13875.0,13875.0,0
2021-01-04,14022.5009765625,14043.0,13826.099609375,13890.578125,0
2021-01-05,13931.400390625,13962.0,13880.0,13931.400390625,0
2021-01-06,13930.0,13953.599609375,13875.0,13930.0,0
2021-01-07,13951.5,14137.5,13837.6640625,13951.5,0
2021-01-08,13892.9775390625,14147.400390625,13892.9775390625,14135.0,0
2021-01-11,13861.392578125,14297.0,13897.0166015625,13906.6103515625,0
2021-01-12,14088.7353515625,14287.2998046875,14088.09765625,14285.0,0
2021-01-13,14031.078125,14194.900390625,14032.2568359375,14155.0,0
2021-01-14,14166.0,14166.0,13979.900390625,14166.0,0
2021-01-15,14063.1474609375,14099.0,13969.5,14014.0,0
2021-01-18,13880.779296875,14162.0,13882.990234375,13892.552734375,0
2021-01-19,14100.7998046875,14167.5556640625,14045.7001953125,14100.7998046875,0
2021-01-20,14122.0,14121.2998046875,13981.400390625,14121.2998046875,0
2021-01-21,14037.2001953125,14042.0,13954.2001953125,14042.0,0
2021-01-22,13960.76171875,14122.0,13953.5693359375,14060.0,0
2021-01-25,14012.8955078125,14126.2998046875,14013.0,14019.1142578125,0
2021-01-26,14148.5,14151.2998046875,14040.0,14147.5,0
2021-01-27,14142.0,14156.5,14037.0908203125,14142.0,0
2021-01-28,14195.0,14195.0,14038.654296875,14195.0,0
2021-01-29,13854.8642578125,14242.3798828125,13855.8642578125,14105.0,0
2021-02-01,13828.13671875,14081.2998046875,13834.98046875,13843.521484375,0
2021-02-02,14118.5,14117.5,13990.900390625,14117.5,0
2021-02-03,13995.53515625,14047.5,13960.2998046875,14047.5,0
2021-02-04,13983.9521484375,14088.0,13978.8388671875,14029.5,0
2021-02-05,14010.4736328125,14093.5,13993.5,14080.0,0
2021-02-08,14001.103515625,14034.099609375,13982.0,14001.2197265625,0
2021-02-09,13990.4599609375,14047.2998046875,13965.400390625,14047.2998046875,0
2021-02-10,13989.1884765625,14029.2001953125,13957.900390625,14029.2001953125,0
2021-02-11,14027.0,14027.0,13949.5,14027.0,0
2021-02-12,13976.240234375,14009.7998046875,13952.2001953125,14009.7998046875,0
2021-02-15,13966.0,13974.599609375,13858.2998046875,13968.453125,0
2021-02-16,13907.0,14022.2998046875,13724.61328125,13940.599609375,0
2021-02-17,14039.2001953125,14151.5,13918.0,14039.2001953125,0
2021-02-18,14007.474609375,14110.0,13997.6513671875,14102.5,0
2021-02-19,13998.1982421875,14118.0,13991.900390625,14118.0,0
2021-02-22,13898.4169921875,14237.2001953125,13886.353515625,13889.5341796875,0
2021-02-23,14107.6962890625,14165.0,14067.7998046875,14165.0,0
2021-02-24,14081.6171875,14126.2001953125,14020.2998046875,14126.2001953125,0
2021-02-25,14097.7998046875,14256.5,14042.7998046875,14096.7998046875,0
2021-02-26,13968.185546875,14410.0,13967.28515625,14410.0,0
2021-03-01,14110.5849609375,14347.5,14079.6787109375,14092.2578125,0
2021-03-02,14245.6201171875,14372.0,14245.419921875,14336.2001953125,0
2021-03-03,14239.181640625,14345.0,14234.7666015625,14345.0,0
2021-03-04,14349.0,14351.5,14227.7998046875,14349.0,0
2021-03-05,14268.8798828125,14441.0,14243.8564453125,14410.0,0
2021-03-08,14287.392578125,14364.0,14113.595703125,14275.8916015625,0
2021-03-09,14344.4755859375,14466.0,14110.560546875,14343.93359375,0
2021-03-10,14393.0,14444.2001953125,14176.0634765625,14396.5595703125,0
2021-03-11,14398.0,14462.599609375,14280.900390625,14462.599609375,0
2021-03-12,14283.900390625,14446.5,14284.900390625,14345.0,0
2021-03-15,14385.208984375,14417.2998046875,14407.400390625,14409.400390625,0
2021-03-16,14464.0,14506.7998046875,14378.400390625,14464.0,0
2021-03-17,14427.5,14495.2001953125,14394.7001953125,14495.0,0
2021-03-18,14403.0,14529.7998046875,14338.0,14402.0,0
2021-03-19,14431.0,14494.7998046875,14373.5,14494.7998046875,0
2021-03-22,14372.2001953125,14442.400390625,14373.099609375,14398.0,0
2021-03-23,14375.7998046875,14499.0,14252.5,14432.7001953125,0
2021-03-24,14505.5,14505.5,14388.0,14505.5,0
2021-03-25,14460.0,14508.7001953125,14401.5,14508.7001953125,0
2021-03-26,14456.400390625,14502.099609375,14399.900390625,14502.099609375,0
2021-03-29,14411.0,14501.0,14411.0,14411.0,0
2021-03-30,14511.7001953125,14569.599609375,14438.0,14511.7001953125,0
2021-03-31,14605.0,14605.0,14517.099609375,14605.0,0
2021-04-01,14606.0,14605.0,14495.2998046875,14605.0,0
2021-04-02,14553.0,14553.0,14486.0,14553.0,0
2021-04-05,14518.0,14536.0,14446.5,14518.0,0
2021-04-06,14529.2001953125,14529.2001953125,14456.2998046875,14529.2001953125,0
2021-04-07,14460.2998046875,14577.599609375,14456.2001953125,14510.0,0
2021-04-08,14641.0,14641.0,14488.0,14641.0,0
2021-04-09,14660.7001953125,14660.7001953125,14528.0,14660.7001953125,0
2021-04-12,14558.0,14644.0,14558.0,14558.0,0
2021-04-13,14611.900390625,14674.0,14588.0,14611.900390625,0
2021-04-14,14621.099609375,14688.0,14597.2001953125,14688.0,0
2021-04-15,14673.7998046875,14673.7998046875,14562.599609375,14673.7998046875,0
2021-04-16,14616.0,14617.0,14512.2998046875,14603.0,0
2021-04-19,14558.0,14575.599609375,14509.099609375,14558.0,0
2021-04-20,14570.0,14576.099609375,14471.5,14569.2998046875,0
2021-04-21,14543.2001953125,14587.2998046875,14495.0,14587.2998046875,0
2021-04-22,14564.2001953125,14564.2001953125,14507.0,14564.2001953125,0
2021-04-23,14606.599609375,14605.900390625,14504.400390625,14605.900390625,0
2021-04-26,14518.0,14518.0,14416.5,14518.0,0
2021-04-27,14459.599609375,14517.0,14460.7001953125,14505.099609375,0
2021-04-28,14516.400390625,14568.5,14478.0,14566.0,0
2021-04-29,14519.0,14519.0,14384.900390625,14519.0,0
2021-04-30,14439.7001953125,14494.7001953125,14395.599609375,14439.7001953125,0
2021-05-03,14438.0,14519.7998046875,14394.7998046875,14438.0,0
2021-05-04,14399.099609375,14480.2001953125,14390.5,14448.5,0
2021-05-05,14482.5,14529.0,14411.2998046875,14529.0,0
2021-05-06,14399.5,14450.0,14276.2001953125,14450.0,0
2021-05-07,14283.7998046875,14312.0,14055.900390625,14282.7998046875,0
2021-05-10,14278.0,14278.0,14071.2998046875,14278.0,0
2021-05-11,14189.599609375,14227.2998046875,14160.5,14220.0,0
2021-05-12,14220.0,14330.7998046875,14182.5,14220.0,0
2021-05-13,14347.0,14359.2001953125,14270.7998046875,14347.0,0
2021-05-14,14300.2998046875,14341.0,14262.900390625,14341.0,0
2021-05-17,14191.0,14388.099609375,14191.0,14191.0,0
2021-05-18,14344.5,14389.2998046875,14250.599609375,14389.2998046875,0
2021-05-19,14362.2998046875,14416.2001953125,14266.0,14361.2998046875,0
2021-05-20,14389.7001953125,14444.7001953125,14338.0,14444.7001953125,0
2021-05-21,14397.2998046875,14396.2998046875,14311.2001953125,14396.2998046875,0
2021-05-24,14348.0,14370.400390625,14311.5,14348.0,0
2021-05-25,14365.0,14364.0,14296.5,14364.0,0
2021-05-26,14371.400390625,14371.400390625,14217.099609375,14371.400390625,0
2021-05-27,14310.0,14335.099609375,14263.7998046875,14309.0,0
2021-05-28,14318.0,14345.099609375,14256.5,14330.0,0
2021-05-31,14278.0,14306.7998046875,14206.5,14278.0,0
2021-06-01,14247.5,14285.5,14179.7998046875,14274.2001953125,0
2021-06-02,14251.5,14327.7998046875,14240.0,14280.0,0
2021-06-03,14290.7001953125,14333.7998046875,14236.5,14290.7001953125,0
2021-06-04,14360.0,14360.0,14249.2001953125,14360.0,0
2021-06-07,14288.0,14298.2998046875,14239.0,14288.0,0
2021-06-08,14246.5,14287.7001953125,14199.650390625,14278.2998046875,0
2021-06-09,14281.0,14310.7001953125,14243.5,14310.7001953125,0
2021-06-10,14300.0,14300.0,14223.0,14300.0,0
2021-06-11,14248.5,14251.0,14148.0,14247.5,0
2021-06-14,14182.0,14276.400390625,14182.0,14182.0,0
2021-06-15,14267.5,14271.900390625,14150.8896484375,14266.5,0
2021-06-16,14280.2998046875,14279.2998046875,14218.0,14279.2998046875,0
2021-06-17,14466.5,14487.599609375,14302.7998046875,14407.5,0
2021-06-18,14554.7001953125,14554.7001953125,14367.099609375,14554.7001953125,0
2021-06-21,14368.0,14505.599609375,14368.0,14368.0,0
2021-06-22,14388.7998046875,14485.2998046875,14368.400390625,14454.0,0
2021-06-23,14495.0,14495.0,14413.0,14495.0,0
2021-06-24,14413.2998046875,14491.400390625,14381.73046875,14468.0,0
2021-06-25,14511.2001953125,14511.2001953125,14417.5,14511.2001953125,0
2021-06-28,14418.0,14517.400390625,14417.400390625,14418.0,0
2021-06-29,14525.0,14593.400390625,14438.0,14479.0,0
2021-06-30,14629.099609375,14629.099609375,14423.51953125,14629.099609375,0
2021-07-01,14601.599609375,14601.599609375,14490.0,14601.599609375,0
2021-07-02,14581.400390625,14635.0,14485.5,14635.0,0
2021-07-05,14526.0,14535.0,14444.5,14526.0,0
2021-07-06,14495.0,14530.0,14443.5,14507.0,0
2021-07-07,14568.7001953125,14568.7001953125,14468.2998046875,14568.7001953125,0
2021-07-08,14569.2001953125,14599.7001953125,14506.2001953125,14569.2001953125,0
2021-07-09,14618.7001953125,14618.7001953125,14479.599609375,14618.7001953125,0
2021-07-12,14521.0,14525.0,14466.099609375,14521.0,0
2021-07-13,14558.5,14557.5,14439.5,14557.5,0
2021-07-14,14542.099609375,14539.7998046875,14453.5,14537.2998046875,0
2021-07-15,14473.0,14528.599609375,14420.5400390625,14525.2001953125,0
2021-07-16,14563.0,14560.0,14426.900390625,14560.0,0
2021-07-19,14491.0,14581.2998046875,14477.5,14491.0,0
2021-07-20,14664.5,14664.7998046875,14524.7001953125,14589.7001953125,0
2021-07-21,14620.0,14560.5,14477.400390625,14551.0,0
2021-07-22,14536.0,14530.2001953125,14472.5,14530.2001953125,0
2021-07-23,14548.7001953125,14548.7001953125,14435.4599609375,14548.7001953125,0
2021-07-26,14486.0,14505.900390625,14343.2001953125,14486.0,0
2021-07-27,14523.5,14523.5,14458.0,14523.5,0
2021-07-28,14554.0,14554.0,14479.599609375,14554.0,0
2021-07-29,14462.599609375,14516.5,14406.2998046875,14516.5,0
2021-07-30,14450.0,14481.2998046875,14403.0,14447.0,0
2021-08-02,14456.0,14470.7998046875,14357.2998046875,14456.0,0
2021-08-03,14397.400390625,14396.7001953125,14282.7001953125,14396.7001953125,0
2021-08-04,14349.5,14353.2001953125,14142.400390625,14349.5,0
2021-08-05,14338.599609375,14373.5,14306.0,14373.5,0
2021-08-06,14385.5,14401.7998046875,14333.2001953125,14385.5,0
2021-08-09,14346.0,14403.0,14346.0,14346.0,0
2021-08-10,14402.099609375,14419.7998046875,14356.0,14400.2001953125,0
2021-08-11,14393.099609375,14428.5,14357.0,14393.099609375,0
2021-08-12,14395.0,14404.400390625,14297.5,14345.599609375,0
2021-08-13,14341.0,14415.0,14289.0,14376.0,0
2021-08-16,14381.0,14391.0,14349.5,14381.0,0
2021-08-17,14363.0,14426.5,14351.0,14404.5,0
2021-08-18,14425.099609375,14469.7998046875,14311.08984375,14469.7998046875,0
2021-08-19,14454.2001953125,14479.2998046875,14394.0,14402.400390625,0
2021-08-20,14493.400390625,14548.0,14396.0,14548.0,0
2021-08-23,14446.0,14446.0,14382.400390625,14446.0,0
2021-08-24,14430.0,14467.5,14367.5,14430.0,0
2021-08-25,14448.7001953125,14448.7001953125,14363.2001953125,14448.7001953125,0
2021-08-26,14465.7001953125,14468.0,14407.400390625,14465.7001953125,0
2021-08-27,14449.2998046875,14502.0,14350.8896484375,14502.0,0
2021-08-30,14411.0,14411.0,14314.5,14411.0,0
2021-08-31,14362.0,14362.0,14197.099609375,14362.0,0
2021-09-01,14246.5,14299.7001953125,14208.2001953125,14246.5,0
2021-09-02,14269.2001953125,14283.0,14212.580078125,14269.2001953125,0
2021-09-03,14245.5,14280.0,14109.5,14277.0,0
2021-09-06,14256.0,14256.0,14185.5,14256.0,0
2021-09-07,14231.400390625,14271.2998046875,14153.7998046875,14250.0,0
2021-09-08,14279.2001953125,14287.2998046875,14206.0,14279.2001953125,0
2021-09-09,14326.400390625,14326.7998046875,14230.599609375,14325.400390625,0
2021-09-10,14258.7998046875,14299.2001953125,14185.0,14299.2001953125,0
2021-09-13,14196.0,14284.0,14196.0,14196.0,0
2021-09-14,14291.599609375,14291.599609375,14188.7001953125,14291.599609375,0
2021-09-15,14249.7001953125,14283.5,14207.900390625,14283.5,0
2021-09-16,14264.5,14284.599609375,14180.740234375,14264.2998046875,0
2021-09-17,14283.900390625,14283.900390625,14166.8095703125,14241.099609375,0
2021-09-20,14221.0,14306.7001953125,14221.0,14221.0,0
2021-09-21,14320.5,14320.2998046875,14206.599609375,14320.2998046875,0
2021-09-22,14237.5,14290.7998046875,14172.7802734375,14290.7998046875,0
2021-09-23,14279.2001953125,14304.5,14177.759765625,14279.2001953125,0
2021-09-24,14286.5,14307.400390625,14226.0,14285.5,0
2021-09-27,14251.0,14284.2998046875,14178.75,14251.0,0
2021-09-28,14242.5,14317.5,14237.5,14291.5,0
2021-09-29,14318.599609375,14364.2001953125,14266.0,14364.2001953125,0
2021-09-30,14385.0,14385.0,14279.599609375,14385.0,0
2021-10-01,14328.599609375,14366.5,14266.2001953125,14366.5,0
2021-10-04,14301.0,14305.0,14237.7998046875,14301.0,0
2021-10-05,14300.5,14299.5,14215.7998046875,14299.5,0
2021-10-06,14246.0,14302.0,14206.2001953125,14245.2998046875,0
2021-10-07,14232.400390625,14270.599609375,14164.099609375,14270.599609375,0
2021-10-08,14170.7998046875,14247.2998046875,14157.900390625,14210.0,0
2021-10-11,14216.0,14225.7001953125,14153.8798828125,14216.0,0
2021-10-12,14194.0,14225.2998046875,14161.0,14205.0,0
2021-10-13,14221.2001953125,14255.0,14145.919921875,14221.2001953125,0
2021-10-14,14219.7001953125,14219.7001953125,13579.2001953125,14219.7001953125,0
2021-10-15,14078.5,14111.0,14017.599609375,14056.400390625,0
2021-10-18,14067.0,14141.2998046875,14013.580078125,14067.0,0
2021-10-19,14157.2001953125,14156.5,14046.2001953125,14156.5,0
2021-10-20,14116.7998046875,14149.900390625,13624.900390625,14116.7998046875,0
2021-10-21,14119.7998046875,14153.7998046875,14009.599609375,14150.5,0
2021-10-22,14175.0,14228.900390625,13721.2001953125,14175.0,0
2021-10-25,14116.0,14192.2001953125,14113.5,14116.0,0
2021-10-26,14193.5,14192.5,14117.0,14192.5,0
2021-10-27,14175.7001953125,14251.400390625,14137.5,14175.7001953125,0
2021-10-28,14217.099609375,14252.0,14163.900390625,14252.0,0
2021-10-29,14229.0,14256.0,14152.2001953125,14198.599609375,0
2021-11-01,14228.5,14332.099609375,14161.0,14161.0,0
2021-11-02,14276.599609375,14322.5,14244.5,14322.5,0
2021-11-03,14289.900390625,14411.2001953125,14246.0,14325.7998046875,0
2021-11-04,14366.0,14402.2001953125,14302.0,14366.0,0
2021-11-05,14414.0,14414.0,14303.400390625,14401.0,0
2021-11-08,14319.7998046875,14325.0,14237.5,14321.0,0
2021-11-09,14252.0,14288.0,14213.099609375,14288.0,0
2021-11-10,14290.0,14307.0,14226.900390625,14258.900390625,0
2021-11-11,14302.400390625,14337.0,14243.7998046875,14337.0,0
2021-11-12,14261.7001953125,14299.2001953125,14164.2001953125,14299.2001953125,0
2021-11-15,14186.7001953125,14229.0,14156.5,14229.0,0
2021-11-16,14185.400390625,14253.5,14171.5,14185.400390625,0
2021-11-17,14274.2001953125,14277.5,14214.5,14274.2001953125,0
2021-11-18,14223.7998046875,14255.0,14206.0,14255.0,0
2021-11-19,14204.7001953125,14300.5,14183.5,14235.0,0
2021-11-22,14265.099609375,14291.599609375,14224.099609375,14231.0,0
2021-11-23,14259.599609375,14298.0,14241.0,14295.5,0
2021-11-24,14272.5,14327.400390625,14240.5,14301.0,0
2021-11-25,14303.400390625,14336.0,14256.0,14336.0,0
2021-11-26,14320.0,14439.099609375,14281.0,14320.0,0
2021-11-29,14408.2001953125,14378.2998046875,14003.5,14296.0,0
2021-11-30,14377.0,14377.0,14235.5,14377.0,0
2021-12-01,14333.0,14379.5,14286.0,14330.0,0
2021-12-02,14376.0,14450.400390625,14281.240234375,14419.7001953125,0
2021-12-03,14443.7998046875,14508.0,14356.900390625,14443.7998046875,0
2021-12-06,14514.0,14462.7001953125,14391.0,14391.0,0
2021-12-07,14490.0,14490.0,14331.5,14490.0,0
2021-12-08,14393.2998046875,14392.2998046875,14041.2001953125,14392.2998046875,0
2021-12-09,14335.0,14432.2998046875,14288.5,14335.0,0
2021-12-10,14297.400390625,14422.7998046875,14022.0,14329.5,0
2021-12-13,14351.900390625,14370.0,14282.5,14366.0,0
2021-12-14,14324.7001953125,14356.2998046875,14283.5,14356.2998046875,0
2021-12-15,14342.5,14389.099609375,14276.259765625,14341.5,0
2021-12-16,14297.5,14376.5,14265.3203125,14294.5,0
2021-12-17,14380.0,14387.7001953125,14344.5,14379.7998046875,0
2021-12-20,14385.7001953125,14415.400390625,14360.0,14361.0,0
2021-12-21,14388.7001953125,14417.2998046875,14261.2001953125,14417.2998046875,0
2021-12-22,14263.900390625,14307.0,14195.099609375,14283.5,0
2021-12-23,14193.7998046875,14253.0,14167.5,14209.0,0
2021-12-24,14167.7998046875,14242.0,14104.5,14178.5,0
2021-12-27,14189.2998046875,14239.400390625,14147.91015625,14214.0,0
2021-12-28,14220.0,14239.5,14205.599609375,14219.0,0
2021-12-29,14238.2001953125,14274.400390625,14216.7001953125,14227.900390625,0
2021-12-30,14237.0,14276.2001953125,14218.7001953125,14237.0,0
2021-12-31,14285.2001953125,14285.2001953125,14065.5,14285.2001953125,0
2022-01-03,14215.0,14301.2998046875,14207.5,14246.0,0
2022-01-04,14283.599609375,14383.2998046875,14259.0,14303.7001953125,0
2022-01-05,14385.5,14398.5,14336.7001953125,14346.400390625,0
2022-01-06,14446.5,14445.7998046875,14351.0,14445.7998046875,0
2022-01-07,14408.0,14408.0,14320.5,14408.0,0
2022-01-10,14318.5,14351.0,14262.2998046875,14351.0,0
2022-01-11,14313.0,14322.2998046875,14251.3896484375,14312.0,0
2022-01-12,14277.0,14355.5,14257.5,14303.0,0
2022-01-13,14298.900390625,14326.2001953125,14266.0,14321.5,0
2022-01-14,14276.0,14324.2998046875,14239.4501953125,14273.0,0
2022-01-17,14314.5,14335.5,14290.0,14290.0,0
2022-01-18,14349.7001953125,14381.2998046875,14297.0,14331.2001953125,0
2022-01-19,14382.2998046875,14398.5,14331.0,14356.900390625,0
2022-01-20,14362.7998046875,14382.5,14300.2998046875,14382.5,0
2022-01-21,14343.0,14356.5,14302.2001953125,14324.0,0
2022-01-24,14329.7001953125,14364.900390625,14300.0,14331.0,0
2022-01-25,14365.0,14365.0,14299.400390625,14365.0,0
2022-01-26,14330.5,14354.0,14063.7001953125,14342.5,0
2022-01-27,14366.400390625,14397.5,14325.400390625,14377.7001953125,0
2022-01-28,14389.2001953125,14413.2998046875,14313.080078125,14389.2001953125,0
2022-01-31,14381.599609375,14406.2998046875,14330.900390625,14381.0,0
2022-02-01,14350.0,14380.0,14296.2998046875,14350.0,0
2022-02-02,14322.2998046875,14382.2998046875,14292.099609375,14328.0,0
2022-02-03,14363.7998046875,14404.900390625,14348.7001953125,14362.7998046875,0
2022-02-04,14377.0,14416.400390625,14309.099609375,14377.0,0
2022-02-07,14400.400390625,14419.2998046875,14373.0,14373.0,0
2022-02-08,14405.599609375,14405.599609375,14331.98046875,14393.599609375,0
2022-02-09,14379.5,14386.0,14332.400390625,14379.5,0
2022-02-10,14334.2001953125,14366.0,14310.099609375,14334.2001953125,0
2022-02-11,14328.0,14367.900390625,14298.599609375,14340.0,0
2022-02-14,14344.7001953125,14351.400390625,14304.599609375,14345.0,0
2022-02-15,14303.0,14321.0,14081.0,14302.0,0
2022-02-16,14260.599609375,14297.7998046875,14220.5400390625,14260.599609375,0
2022-02-17,14274.400390625,14362.400390625,14206.6103515625,14274.7998046875,0
2022-02-18,14348.0,14375.400390625,14301.7998046875,14360.0,0
2022-02-21,14365.900390625,14366.900390625,14267.3095703125,14321.0,0
2022-02-22,14355.0,14383.7998046875,14321.0,14355.0,0
2022-02-23,14395.0,14395.0,14325.7998046875,14395.0,0
2022-02-24,14365.0,14457.2998046875,14331.0,14364.0,0
2022-02-25,14452.5,14455.0,14319.599609375,14452.5,0
2022-02-28,14334.2001953125,14408.0,14341.0,14360.0,0
2022-03-01,14360.0,14415.400390625,14320.0,14395.0,0
2022-03-02,14425.0,14424.5,14341.0,14424.5,0
2022-03-03,14387.5,14415.2998046875,14352.5,14386.5,0
2022-03-04,14358.400390625,14398.099609375,14357.7001953125,14358.400390625,0
2022-03-07,14381.7001953125,14445.5,14377.2998046875,14381.0,0
2022-03-08,14406.400390625,14439.5,14266.400390625,14439.5,0
2022-03-09,14362.7001953125,14391.0,14264.7998046875,14381.0,0
2022-03-10,14251.0,14341.0,14250.0,14250.0,0
2022-03-11,14275.0,14321.0,14089.599609375,14275.0,0
2022-03-14,14325.5,14339.2998046875,14234.4697265625,14296.0,0
2022-03-15,14347.5,14346.5,14289.0,14346.5,0
2022-03-16,14305.2998046875,14315.2998046875,14081.2001953125,14308.0,0
2022-03-17,14263.5,14337.7998046875,14253.5,14262.5,0
2022-03-18,14326.0,14357.7998046875,14218.5498046875,14325.5,0
2022-03-21,14342.2998046875,14350.7001953125,14268.2998046875,14335.0,0
2022-03-22,14345.0,14357.0,14269.2998046875,14342.0,0
2022-03-23,14345.5,14386.0,14321.0,14345.5,0
2022-03-24,14389.0,14389.0,14344.0,14389.0,0
2022-03-25,14337.099609375,14375.0,14326.0,14358.0,0
2022-03-28,14334.0,14374.7001953125,14334.0,14334.0,0
2022-03-29,14373.0,14372.2001953125,14288.2001953125,14373.0,0
2022-03-30,14334.0,14362.5,14292.1796875,14334.0,0
2022-03-31,14327.5,14375.400390625,14319.5,14327.5,0
2022-04-01,14351.0,14379.2001953125,14341.2001953125,14351.0,0
2022-04-04,14361.0,14366.5,14292.1796875,14361.0,0
2022-04-05,14322.2998046875,14368.0,14322.2998046875,14322.2998046875,0
2022-04-06,14365.5,14384.900390625,14340.0,14365.5,0
2022-04-07,14382.0,14381.7998046875,14349.0,14382.0,0
2022-04-08,14385.0,14393.400390625,14352.0,14385.0,0
2022-04-11,14355.0,14381.2998046875,14355.0,14355.0,0
2022-04-12,14360.7001953125,14381.2001953125,14351.7001953125,14360.7001953125,0
2022-04-13,14364.2001953125,15611.599609375,14338.599609375,14364.2001953125,0
2022-04-14,14360.2001953125,14385.900390625,14337.0,14360.2001953125,0
2022-04-15,14383.900390625,14394.5,14337.0,14383.900390625,0
2022-04-18,14337.0,14368.0,14277.259765625,14337.0,0
2022-04-19,14353.7998046875,14364.5,14303.5,14353.7998046875,0
2022-04-20,14364.900390625,14384.5,14275.26953125,14364.900390625,0
2022-04-21,14351.0,14359.2001953125,14279.25,14351.0,0
2022-04-22,14382.0,14492.0,14337.0,14382.0,0
2022-04-25,14350.0,14525.0,14350.0,14350.0,0
2022-04-26,14478.0,14476.5,14361.5,14478.0,0
2022-04-27,14466.0,14510.599609375,14345.5,14466.0,0
2022-04-28,14447.5,14528.900390625,14420.0,14447.5,0
2022-04-29,14502.0,14560.0,14398.5,14502.0,0
2022-05-02,14490.0,14565.0,14490.0,14490.0,0
2022-05-03,14522.599609375,14576.099609375,14458.5,14522.599609375,0
2022-05-04,14491.0,14507.0,14411.900390625,14491.0,0
2022-05-05,14425.0,14490.0,14386.0,14425.0,0
2022-05-06,14458.7001953125,14501.5,14450.900390625,14458.7001953125,0
2022-05-09,14490.0,14594.900390625,14490.0,14490.0,0
2022-05-10,14552.2001953125,14620.7998046875,14508.5,14552.2001953125,0
2022-05-11,14520.7998046875,14560.7998046875,14490.400390625,14520.7998046875,0
2022-05-12,14543.400390625,14671.599609375,14523.7001953125,14543.400390625,0
2022-05-13,14632.099609375,14669.5,14589.7001953125,14632.099609375,0
2022-05-16,14606.0,14744.7001953125,14596.7001953125,14606.0,0
2022-05-17,14645.0,14690.0,14606.0,14645.0,0
2022-05-18,14630.599609375,14731.5,14630.599609375,14630.599609375,0
2022-05-19,14740.0,14755.0,14568.5,14740.0,0
2022-05-20,14626.7998046875,14683.7998046875,14618.0,14626.7998046875,0
2022-05-23,14645.0,14671.7001953125,14609.900390625,14645.0,0
2022-05-24,14619.2001953125,14687.099609375,14591.6796875,14619.2001953125,0
2022-05-25,14635.7998046875,14663.0,14588.5,14635.7998046875,0
2022-05-26,14597.0,14631.400390625,14572.2001953125,14597.0,0
2022-05-27,14584.2001953125,14626.0,14522.2001953125,14584.2001953125,0
2022-05-30,14570.0,14571.0,14497.7998046875,14570.0,0
2022-05-31,14538.400390625,14594.0,14471.2802734375,14538.400390625,0
2022-06-01,14543.900390625,14574.0,14513.400390625,14543.900390625,0
2022-06-02,14531.5,14585.2001953125,14364.5,14531.5,0
2022-06-03,14426.7998046875,14476.0,14385.0,14426.7998046875,0
2022-06-06,14431.0,14472.0,14401.7001953125,14431.0,0
2022-06-07,14435.2001953125,14473.7001953125,14435.2998046875,14435.2001953125,0
2022-06-08,14458.7998046875,14523.5,14411.5,14458.7998046875,0
2022-06-09,14495.2998046875,14592.599609375,14404.6201171875,14495.2998046875,0
2022-06-10,14611.7998046875,14647.0,14454.7001953125,14611.7998046875,0
2022-06-13,14546.0,14808.2001953125,14496.16015625,14546.0,0
2022-06-14,14795.0,14804.0,14678.0,14795.0,0
2022-06-15,14740.7998046875,14791.2001953125,14632.7001953125,14740.7998046875,0
2022-06-16,14681.0,14872.0,14661.2001953125,14681.0,0
2022-06-17,14776.099609375,14854.5,14667.2998046875,14776.099609375,0
2022-06-20,14816.0,14848.2001953125,14753.8603515625,14816.0,0
2022-06-21,14827.7001953125,14840.0,14774.7001953125,14827.7001953125,0
2022-06-22,14831.7001953125,14883.7001953125,14775.2001953125,14831.7001953125,0
2022-06-23,14843.0,14872.0,14790.7001953125,14843.0,0
2022-06-24,14841.7998046875,14861.599609375,14815.5,14841.7998046875,0
2022-06-27,14841.0,14841.0,14779.599609375,14841.0,0
2022-06-28,14791.0,14853.5,14783.7001953125,14791.0,0
2022-06-29,14857.0,14876.7998046875,14823.400390625,14857.0,0
2022-06-30,14877.0,14984.0,14842.0,14877.0,0
2022-07-01,14921.900390625,15019.7998046875,14891.0,14921.900390625,0
2022-07-04,14931.0,15009.5,14925.7001953125,14931.0,0
2022-07-05,15008.0,15058.599609375,14885.2001953125,15008.0,0
2022-07-06,15037.0,15044.5,14990.0,15037.0,0
2022-07-07,15010.0,15014.2001953125,14938.0,15010.0,0
2022-07-08,14964.599609375,15003.7998046875,14941.2998046875,14964.599609375,0
2022-07-11,14970.0,15019.400390625,14939.7001953125,14970.0,0
2022-07-12,14989.099609375,15025.7001953125,14948.7001953125,14989.099609375,0
2022-07-13,15010.0,15060.5,14957.2001953125,15010.0,0
2022-07-14,15030.400390625,15100.2001953125,14981.0,15030.400390625,0
2022-07-15,15037.099609375,15121.0,14962.0,15037.099609375,0
2022-07-18,14986.0,15007.2001953125,14924.0,14986.0,0
2022-07-19,14977.0,15023.0,14911.0703125,14977.0,0
2022-07-20,14960.7998046875,15029.0,14953.900390625,14960.7998046875,0
2022-07-21,15022.0,15064.7998046875,14960.7001953125,15022.0,0
2022-07-22,15004.2001953125,15066.0,14944.0,15004.2001953125,0
2022-07-25,15011.0,15011.0,14943.5,15011.0,0
2022-07-26,14978.0,15019.400390625,14946.2998046875,14978.0,0
2022-07-27,14982.7998046875,15026.2998046875,14953.2998046875,14982.7998046875,0
2022-07-28,14914.2001953125,14968.0,14877.2998046875,14914.2001953125,0
2022-07-29,14849.099609375,14887.5,14822.5,14849.099609375,0
2022-08-01,14826.0,14886.900390625,14819.7001953125,14826.0,0
2022-08-02,14838.0,14912.7998046875,14837.0,14838.0,0
2022-08-03,14890.099609375,14916.0,14860.7001953125,14890.099609375,0
2022-08-04,14900.0,14950.2001953125,14878.7998046875,14900.0,0
2022-08-05,14884.7001953125,14977.0,14872.5,14884.7001953125,0
2022-08-08,14886.0,14938.0,14818.2001953125,14886.0,0
2022-08-09,14831.2001953125,14871.2001953125,14821.2001953125,14831.2001953125,0
2022-08-10,14856.7001953125,14882.5,14777.2001953125,14856.7001953125,0
2022-08-11,14756.900390625,14813.7001953125,14656.599609375,14756.900390625,0
2022-08-12,14724.2001953125,14761.0,14648.5,14724.2001953125,0
2022-08-15,14661.0,14776.5,14656.5,14661.0,0
2022-08-16,14776.400390625,14791.5,14747.0,14776.400390625,0
2022-08-17,14747.099609375,14789.7001953125,14721.900390625,14747.099609375,0
2022-08-18,14764.099609375,14852.2998046875,14754.5,14764.099609375,0
2022-08-19,14845.7001953125,14909.099609375,14819.2001953125,14845.7001953125,0
2022-08-22,14831.0,14944.099609375,14831.0,14831.0,0
2022-08-23,14933.5,14935.0,14821.0,14933.5,0
2022-08-24,14850.0,14874.7001953125,14796.2998046875,14850.0,0
2022-08-25,14845.0,14845.0,14766.099609375,14845.0,0
2022-08-26,14773.0,14823.2998046875,14742.5,14773.0,0
2022-08-29,14811.0,14909.900390625,14811.0,14811.0,0
2022-08-30,14895.0,14895.0,14812.5703125,14895.0,0
2022-08-31,14850.0,14869.099609375,14820.7001953125,14850.0,0
2022-09-01,14855.0,14905.900390625,14836.0,14855.0,0
2022-09-02,14902.099609375,14910.5,14857.400390625,14902.099609375,0
2022-09-05,14890.0,14939.0,14823.5,14890.0,0
2022-09-06,14882.2998046875,14915.0,14849.5,14882.2998046875,0
2022-09-07,14904.0,14961.599609375,14880.0,14904.0,0
2022-09-08,14865.2998046875,14919.7001953125,14862.0,14865.2998046875,0
2022-09-09,14892.2998046875,14900.0,14806.400390625,14892.2998046875,0
2022-09-12,14823.0,14890.099609375,14805.2001953125,14823.0,0
2022-09-13,14858.7001953125,14948.400390625,14831.2001953125,14858.7001953125,0
2022-09-14,14954.900390625,14980.7998046875,14868.2998046875,14954.900390625,0
2022-09-15,14915.0,14951.0,14871.099609375,14915.0,0
2022-09-16,14933.599609375,14997.7998046875,14891.0,14933.599609375,0
2022-09-19,14946.0,15002.900390625,14934.2001953125,14946.0,0
2022-09-20,14985.7998046875,15043.099609375,14508.7001953125,14985.7998046875,0
2022-09-21,15008.599609375,15039.0,14908.5,15008.599609375,0
2022-09-22,15019.0,15055.5,14908.2998046875,15019.0,0
2022-09-23,15026.599609375,15101.5,14957.830078125,15026.599609375,0
2022-09-26,15031.0,15183.400390625,15031.0,15031.0,0
2022-09-27,15204.0,15213.0,15043.41015625,15204.0,0
2022-09-28,15167.2001953125,15319.2998046875,15116.0,15167.2001953125,0
2022-09-29,15175.2998046875,15282.7001953125,15142.099609375,15175.2998046875,0
2022-09-30,15175.2001953125,15279.099609375,15172.599609375,15175.2001953125,0
2022-10-03,15221.0,15362.900390625,15221.0,15221.0,0
2022-10-04,15290.0,15309.5,15175.400390625,15290.0,0
2022-10-05,15180.0,15245.0,15142.400390625,15180.0,0
2022-10-06,15206.7001953125,15249.0,15115.099609375,15206.7001953125,0
2022-10-07,15215.7998046875,15285.5,15181.0,15215.7998046875,0
2022-10-10,15246.0,15343.0,15172.900390625,15246.0,0
2022-10-11,15343.0,15374.7998046875,15305.0,15343.0,0
2022-10-12,15338.5,15390.2001953125,15330.5,15338.5,0
2022-10-13,15318.599609375,15429.099609375,15265.7001953125,15318.599609375,0
2022-10-14,15364.0,15487.0,15331.599609375,15364.0,0
2022-10-17,15420.0,15510.7001953125,15420.0,15420.0,0
2022-10-18,15441.400390625,15492.5,15428.599609375,15441.400390625,0
2022-10-19,15466.2001953125,15536.7998046875,15448.900390625,15466.2001953125,0
2022-10-20,15620.0,15620.0,15516.5,15620.0,0
2022-10-21,15562.0,15649.7001953125,15501.099609375,15562.0,0
2022-10-24,15626.0,15626.0,15528.5,15626.0,0
2022-10-25,15586.5,15634.0,15510.099609375,15586.5,0
2022-10-26,15549.0,15616.0,15491.7001953125,15549.0,0
2022-10-27,15502.7001953125,15587.0,15474.599609375,15502.7001953125,0
2022-10-28,15554.2001953125,15573.5,15509.7001953125,15554.2001953125,0
2022-10-31,15549.2001953125,15656.7998046875,15545.0,15549.2001953125,0
2022-11-01,15649.0,15656.2001953125,15591.0,15649.0,0
2022-11-02,15690.0,15690.0,15607.7998046875,15690.0,0
2022-11-03,15696.0,15800.5,15630.900390625,15696.0,0
2022-11-04,15780.0,15780.0,15591.7998046875,15780.0,0
2022-11-07,15609.5,15731.0,15578.0,15609.5,0
2022-11-08,15675.0,15721.0,15572.599609375,15675.0,0
2022-11-09,15645.0,15691.0,15601.5,15645.0,0
2022-11-10,15671.5,15714.5,15518.900390625,15671.5,0
2022-11-11,15500.0,15570.7998046875,15280.2001953125,15500.0,0
2022-11-14,15473.900390625,15591.099609375,15424.2998046875,15473.900390625,0
2022-11-15,15530.099609375,15586.2001953125,15494.0,15530.099609375,0
2022-11-16,15557.0,15637.0,15531.0,15557.0,0
2022-11-17,15655.0,15757.099609375,15596.0,15655.0,0
2022-11-18,15720.0,15720.0,15640.099609375,15720.0,0
2022-11-21,15629.400390625,15736.0,15664.2001953125,15629.400390625,0
2022-11-22,15755.0,15756.2998046875,15660.7998046875,15755.0,0
2022-11-23,15671.0,15705.900390625,15590.7998046875,15671.0,0
2022-11-24,15619.599609375,15680.0,15616.400390625,15619.599609375,0
2022-11-25,15605.0,15721.7998046875,15605.0,15605.0,0
2022-11-28,15675.099609375,15745.599609375,15666.0,15675.099609375,0
2022-11-29,15746.0,15748.599609375,15702.400390625,15746.0,0
2022-11-30,15726.5,15743.7001953125,15661.5,15726.5,0
2022-12-01,15634.5,15644.099609375,15384.7001953125,15634.5,0
2022-12-02,15355.5,15450.2001953125,15286.0,15355.5,0
2022-12-05,15421.0,15472.2001953125,15327.2998046875,15421.0,0
2022-12-06,15520.2998046875,15667.900390625,15461.0,15520.2998046875,0
2022-12-07,15623.0,15655.2998046875,15531.0,15623.0,0
2022-12-08,15596.0,15637.599609375,15566.5,15596.0,0
2022-12-09,15590.0,15614.0,15459.0,15590.0,0
2022-12-12,15582.0,15678.7001953125,15576.0,15582.0,0
2022-12-13,15676.2998046875,15685.5,15503.5,15676.2998046875,0
2022-12-14,15554.7001953125,15647.7001953125,15545.0,15554.7001953125,0
2022-12-15,15481.0,15673.0,15481.0,15481.0,0
2022-12-16,15626.0,15640.5,15579.7998046875,15626.0,0
2022-12-19,15615.900390625,15621.0,15539.5,15615.900390625,0
2022-12-20,15567.5,15649.2998046875,15508.2001953125,15567.5,0
2022-12-21,15556.0,15633.0,15512.400390625,15556.0,0
2022-12-22,15513.0,15591.2998046875,15500.0,15513.0,0
2022-12-23,15563.0,15606.0,15559.2998046875,15563.0,0
2022-12-26,15565.900390625,15637.5,15554.2998046875,15565.900390625,0
2022-12-27,15607.0,15687.2998046875,15600.2998046875,15607.0,0
2022-12-28,15617.5,15795.2998046875,15615.0,15617.5,0
2022-12-29,15789.0,15789.0,15598.099609375,15789.0,0
2022-12-30,15620.0,15651.0,15371.400390625,15620.0,0
2023-01-02,15508.7998046875,15588.7001953125,15463.900390625,15508.7998046875,0
2023-01-03,15550.0,15638.7998046875,15514.900390625,15550.0,0
2023-01-04,15571.7998046875,15627.5,15553.5,15571.7998046875,0
2023-01-05,15560.0,15640.900390625,15558.5,15560.0,0
2023-01-06,15620.0,15692.099609375,15558.099609375,15620.0,0
2023-01-09,15602.2998046875,15626.0,15545.7998046875,15602.2998046875,0
2023-01-10,15580.0,15606.5,15516.5,15580.0,0
2023-01-11,15528.900390625,15576.400390625,15429.5,15528.900390625,0
2023-01-12,15414.0,15476.0,15145.900390625,15414.0,0
2023-01-13,15172.0,15231.5,15106.900390625,15172.0,0
2023-01-16,15114.7998046875,15138.0,14974.2001953125,15114.7998046875,0
2023-01-17,15082.0,15206.5,15067.0,15082.0,0
2023-01-18,15162.0,15192.2001953125,15010.7998046875,15162.0,0
2023-01-19,15096.0,15193.599609375,15081.0,15096.0,0
2023-01-20,15141.0,15164.7001953125,15022.2998046875,15141.0,0
2023-01-23,15055.900390625,15068.0,14969.599609375,15055.900390625,0
2023-01-24,15007.0,15068.0,14857.400390625,15007.0,0
2023-01-25,14955.5,14993.7001953125,14881.0,14955.5,0
2023-01-26,14938.7001953125,14981.599609375,14926.0,14938.7001953125,0
2023-01-27,14942.5,14993.5,14937.0,14942.5,0
2023-01-30,14970.400390625,14995.900390625,14956.2998046875,14970.400390625,0
2023-01-31,14995.0,15059.0,14963.0,14995.0,0
2023-02-01,14990.7001953125,15017.5,14943.5,14990.7001953125,0
2023-02-02,14855.0,14911.5,14824.7998046875,14855.0,0
2023-02-03,14881.0,15048.0,14848.099609375,14881.0,0
2023-02-06,15078.7998046875,15231.900390625,14886.0,15078.7998046875,0
2023-02-07,15200.0,15202.0,15095.7998046875,15200.0,0
2023-02-08,15147.0,15151.2998046875,15079.599609375,15147.0,0
2023-02-09,15117.0,15141.5,15078.0,15117.0,0
2023-02-10,15140.0,15227.900390625,15114.0,15140.0,0
2023-02-13,15182.2001953125,15253.099609375,15178.0,15182.2001953125,0
2023-02-14,15211.0,15221.0,15096.2998046875,15211.0,0
2023-02-15,15179.0,15264.099609375,15156.0,15179.0,0
2023-02-16,15210.0,15210.0,15089.7001953125,15210.0,0
2023-02-17,15142.0,15235.900390625,15137.0,15142.0,0
2023-02-20,15159.0,15184.7998046875,15129.7998046875,15159.0,0
2023-02-21,15162.5,15221.0,15139.900390625,15162.5,0
2023-02-22,15233.0,15235.099609375,15173.0,15233.0,0
2023-02-23,15192.0,15223.7998046875,15157.7998046875,15192.0,0
2023-02-24,15210.0,15273.7998046875,15188.5,15210.0,0
2023-02-27,15257.7001953125,15286.5,15216.599609375,15257.7001953125,0
2023-02-28,15209.0,15285.599609375,15203.5,15209.0,0
2023-03-01,15240.0,15271.5,15212.0,15240.0,0
2023-03-02,15243.0,15333.2998046875,15232.5,15243.0,0
2023-03-03,15322.0,15342.099609375,15267.0,15322.0,0
2023-03-06,15255.099609375,15346.2001953125,15283.0,15255.099609375,0
2023-03-07,15352.0,15417.0,15329.5,15352.0,0
2023-03-08,15437.0,15468.5,15401.2001953125,15437.0,0
2023-03-09,15450.0,15469.5,15419.0,15450.0,0
2023-03-10,15489.0,15505.099609375,15427.0,15489.0,0
2023-03-13,15472.599609375,15465.5,15345.900390625,15472.599609375,0
2023-03-14,15409.0,15410.0,15345.0,15409.0,0
2023-03-15,15372.0,15504.0,15336.0,15372.0,0
2023-03-16,15479.0,15480.0,15367.900390625,15479.0,0
2023-03-17,15422.0,15422.0,15338.0,15422.0,0
2023-03-20,15368.5,15391.7998046875,15334.0,15368.5,0
2023-03-21,15340.0,15354.5,15284.0,15340.0,0
2023-03-22,15294.0,15308.5,15239.0,15294.0,0
2023-03-23,15251.0,15256.0,15031.7001953125,15251.0,0
2023-03-24,15047.0,15213.2998046875,15054.900390625,15047.0,0
2023-03-27,15148.0,15194.0,15107.0,15148.0,0
2023-03-28,15107.5,15111.5,15046.0,15107.5,0
2023-03-29,15061.0,15102.7998046875,15033.0,15061.0,0
2023-03-30,15031.5,15081.0,15017.0,15031.5,0
2023-03-31,15020.0,15024.2998046875,14838.0,15020.0,0
2023-04-03,14988.0,15014.0,14848.599609375,14988.0,0
2023-04-04,14915.0,14947.2001953125,14854.7001953125,14915.0,0
2023-04-05,14958.0,14972.7998046875,14896.0,14958.0,0
2023-04-06,14956.0,14969.0,14908.0,14956.0,0
2023-04-07,14932.0,14947.0,14908.0,14932.0,0
2023-04-10,14906.0,14960.7998046875,14892.0,14906.0,0
2023-04-11,14955.0,14956.0,14870.0,14955.0,0
2023-04-12,14913.0,14925.0,14800.2001953125,14913.0,0
2023-04-13,14823.5,14840.7998046875,14678.7998046875,14823.5,0
2023-04-14,14720.0,14792.0,14638.0,14720.0,0
2023-04-17,14693.0,14891.900390625,14693.0,14693.0,0
2023-04-18,14860.0,14902.400390625,14799.0,14860.0,0
2023-04-19,14890.0,15022.7001953125,14837.099609375,14890.0,0
2023-04-20,15006.0,15006.0,14913.0,15006.0,0
2023-04-21,14946.0,14982.5,14918.2998046875,14946.0,0
2023-04-24,14838.0,14984.7998046875,14838.0,14838.0,0
2023-04-25,14945.0,14954.599609375,14908.0,14945.0,0
2023-04-26,14935.0,14949.0,14809.0,14935.0,0
2023-04-27,14841.5,14845.5,14684.2001953125,14841.5,0
2023-04-28,14684.0,14703.099609375,14627.900390625,14684.0,0
2023-05-01,14663.0,14682.5,14631.0,14663.0,0
2023-05-02,14671.5,14748.2998046875,14628.2001953125,14671.5,0
2023-05-03,14752.5,14753.0,14660.0,14752.5,0
2023-05-04,14680.5,14754.599609375,14570.0,14680.5,0
2023-05-05,14700.0,14711.2001953125,14632.0,14700.0,0
2023-05-08,14668.0,14742.0,14667.099609375,14668.0,0
2023-05-09,14750.0,14772.7998046875,14722.0,14750.0,0
2023-05-10,14767.0,14769.0,14657.0,14767.0,0
2023-05-11,14691.0,14766.0,14673.5,14691.0,0
2023-05-12,14770.5,14851.7001953125,14730.0,14770.5,0
2023-05-15,14743.0,14828.599609375,14743.0,14743.0,0
2023-05-16,14795.0,14864.2998046875,14767.0,14795.0,0
2023-05-17,14885.0,14903.2998046875,14844.7998046875,14885.0,0
2023-05-18,14876.5,14915.0,14833.2998046875,14876.5,0
2023-05-19,14916.0,14976.0,14876.0,14916.0,0
2023-05-22,14918.0,14920.0,14860.0,14918.0,0
2023-05-23,14886.0,14910.7998046875,14842.0,14886.0,0
2023-05-24,14895.0,14935.7001953125,14867.2001953125,14895.0,0
2023-05-25,14945.900390625,14968.2001953125,14911.7998046875,14945.900390625,0
2023-05-26,14970.0,14997.400390625,14921.7998046875,14970.0,0
2023-05-29,14948.0,14980.2998046875,14940.099609375,14948.0,0
2023-05-30,14960.0,15018.599609375,14924.7998046875,14960.0,0
2023-05-31,14979.0,15018.400390625,14959.0,14979.0,0
2023-06-01,14984.0,14985.0,14893.0,14984.0,0
2023-06-02,14907.0,14913.0,14754.0,14907.0,0
2023-06-05,14983.0,14983.0,13636.599609375,14983.0,0
2023-06-06,14849.5,14892.099609375,14812.7998046875,14849.5,0
2023-06-07,14872.0,14891.5,14813.0,14872.0,0
2023-06-08,14889.0,14904.7998046875,14819.5,14889.0,0
2023-06-09,14836.0,14871.7998046875,14818.0,14836.0,0
2023-06-12,14833.0,14901.099609375,14833.0,14833.0,0
2023-06-13,14871.5,14885.5,14807.0,14871.5,0
2023-06-14,14869.0,14926.7001953125,14829.400390625,14869.0,0
2023-06-15,14909.0,14984.7998046875,14887.5,14909.0,0
2023-06-16,14897.0,14964.900390625,14898.0,14897.0,0
2023-06-19,14928.0,15006.7001953125,14928.0,14928.0,0
2023-06-20,15008.0,15063.099609375,14992.7998046875,15008.0,0
2023-06-21,15016.0,15036.400390625,14915.0,15016.0,0
2023-06-22,14943.0,14973.7001953125,14885.0,14943.0,0
2023-06-23,14935.0,15056.0,14902.0,14935.0,0
2023-06-26,14987.0,15062.5,14987.0,14987.0,0
2023-06-27,15039.0,15050.7001953125,14940.0,15039.0,0
2023-06-28,14982.5,15020.900390625,14951.400390625,14982.5,0
2023-06-29,14981.0,15080.400390625,14980.0,14981.0,0
2023-06-30,15064.0,15084.099609375,15014.0,15064.0,0
2023-07-03,14986.0,15071.599609375,14986.0,14986.0,0
2023-07-04,15056.0,15056.0,14983.0,15056.0,0
2023-07-05,15010.0,15076.400390625,14993.0,15010.0,0
2023-07-06,15077.0,15202.0,15039.0,15077.0,0
2023-07-07,15189.2998046875,15193.2001953125,15115.5,15189.2998046875,0
2023-07-10,15128.0,15248.099609375,15128.0,15128.0,0
2023-07-11,15216.0,15217.0,15132.0,15216.0,0
2023-07-12,15156.7998046875,15158.2998046875,14506.5,15156.7998046875,0
2023-07-13,14928.0,15001.099609375,14920.900390625,14928.0,0
2023-07-14,14954.0,14989.7001953125,13082.0,14954.0,0
2023-07-17,14951.0,15025.400390625,14886.2001953125,14951.0,0
2023-07-18,14982.5,15000.5,14954.5,14982.5,0
2023-07-19,14986.0,15026.099609375,14954.599609375,14986.0,0
2023-07-20,14992.0,15057.2998046875,14953.7998046875,14992.0,0
2023-07-21,15051.5,15051.099609375,14986.0,15051.5,0
2023-07-24,15018.0,15055.599609375,15000.0,15018.0,0
2023-07-25,15021.5,15042.2001953125,14978.0,15021.5,0
2023-07-26,15032.0,15062.7998046875,14990.0,15032.0,0
2023-07-27,15007.0,15060.7998046875,14978.0,15007.0,0
2023-07-28,15095.0,15132.0,15031.900390625,15095.0,0
2023-07-31,15088.0,15107.7001953125,15053.7998046875,15088.0,0
2023-08-01,15104.0,15147.400390625,15084.5,15104.0,0
2023-08-02,15131.0,15206.400390625,15117.0,15131.0,0
2023-08-03,15220.0,15221.7998046875,15126.0,15220.0,0
2023-08-04,15161.0,15194.7001953125,15093.0,15161.0,0
2023-08-07,15163.0,15209.099609375,15129.5,15163.0,0
2023-08-08,15232.0,15245.2998046875,15193.0,15232.0,0
2023-08-09,15207.2001953125,15209.0,15151.7001953125,15207.2001953125,0
2023-08-10,15207.0,15209.900390625,15116.5,15207.0,0
2023-08-11,15259.0,15308.099609375,15198.0,15259.0,0
2023-08-14,15317.0,15353.099609375,15279.7998046875,15317.0,0
2023-08-15,15347.0,15357.2998046875,15147.7998046875,15347.0,0
2023-08-16,15311.5,15347.400390625,15269.099609375,15311.5,0
2023-08-17,15362.0,15389.0,15325.0,15362.0,0
2023-08-18,15362.5,15373.900390625,15281.599609375,15362.5,0
2023-08-21,15278.0,15331.900390625,15278.0,15278.0,0
2023-08-22,15318.900390625,15322.0,15308.0,15318.900390625,0
2023-08-23,15317.0,15322.0,15291.0,15317.0,0
2023-08-24,15294.099609375,15294.099609375,15233.0,15294.099609375,0
2023-08-25,15239.0,15298.0,15239.0,15239.0,0
2023-08-28,15288.0,15304.7001953125,15238.0,15288.0,0
2023-08-29,15255.5,15274.2998046875,15186.0,15255.5,0
2023-08-30,15196.5,15248.7998046875,15126.7001953125,15196.5,0
2023-08-31,15216.0,15261.7001953125,15178.400390625,15216.0,0
2023-09-01,15231.0,15266.400390625,15046.7998046875,15231.0,0
2023-09-04,15233.0,15249.0,15185.0,15233.0,0
2023-09-05,15227.0,15293.2001953125,15216.400390625,15227.0,0
2023-09-06,15298.0,15343.2998046875,15282.2001953125,15298.0,0
2023-09-07,15336.0,15347.0,15311.0,15336.0,0
2023-09-08,15342.0,15368.2998046875,15319.0,15342.0,0
2023-09-11,15318.0,15370.5,15318.0,15318.0,0
2023-09-12,15339.099609375,15372.7998046875,15323.0,15339.099609375,0
2023-09-13,15350.2001953125,15386.7998046875,15336.099609375,15350.2001953125,0
2023-09-14,15353.0,15384.5,15335.7001953125,15353.0,0
2023-09-15,15395.0,15397.0,15344.0,15395.0,0
2023-09-18,15346.0,15382.0,15339.0,15346.0,0
2023-09-19,15377.0,15389.599609375,15357.2001953125,15377.0,0
2023-09-20,15384.5,15395.599609375,15316.0,15384.5,0
2023-09-21,15361.0,15404.7001953125,15324.2998046875,15361.0,0
2023-09-22,15400.5,15401.0,15353.0,15400.5,0
2023-09-25,15368.0,15415.2001953125,15352.0,15368.0,0
2023-09-26,15405.0,15507.0,15395.599609375,15405.0,0
2023-09-27,15493.0,15559.2998046875,15452.099609375,15493.0,0
2023-09-28,15569.0,15597.5,15413.0,15569.0,0
2023-09-29,15474.0,15506.0,15443.599609375,15474.0,0
2023-10-02,15448.0,15578.599609375,15395.7998046875,15448.0,0
2023-10-03,15516.0,15614.900390625,15508.7001953125,15516.0,0
2023-10-04,15622.0,15646.400390625,15068.0,15622.0,0
2023-10-05,15591.0,15642.0,15562.5,15591.0,0
2023-10-06,15631.0,15699.7001953125,15535.2998046875,15631.0,0
2023-10-09,15603.0,15717.0,15546.099609375,15603.0,0
2023-10-10,15691.400390625,15759.7001953125,15657.0,15691.400390625,0
2023-10-11,15718.5,15730.099609375,15650.0,15718.5,0
2023-10-12,15693.0,15726.5,15632.099609375,15693.0,0
2023-10-13,15739.0,15744.0,15669.0,15739.0,0
2023-10-16,15676.0,15731.7998046875,15676.0,15676.0,0
2023-10-17,15675.0,15739.0,15667.0,15675.0,0
2023-10-18,15728.2001953125,15811.7001953125,15705.0,15728.2001953125,0
2023-10-19,15807.0,15869.0,15760.0,15807.0,0
2023-10-20,15856.0,15889.5,15806.7998046875,15856.0,0
2023-10-23,15868.0,15972.7001953125,15810.599609375,15868.0,0
2023-10-24,15874.0,15902.0,15825.5,15874.0,0
2023-10-25,15868.0,15892.2001953125,15832.400390625,15868.0,0
2023-10-26,15877.5,15938.099609375,15874.0,15877.5,0
2023-10-27,15920.0,15955.5,15874.0,15920.0,0
2023-10-30,15903.5,15933.0,15843.099609375,15903.5,0
2023-10-31,15843.0,15940.2001953125,15842.0,15843.0,0
2023-11-01,15748.7001953125,15969.2998046875,15745.0,15748.7001953125,0
2023-11-02,15900.0,15900.0,15764.099609375,15900.0,0
2023-11-03,15838.0,15847.0,15567.400390625,15838.0,0
2023-11-06,15582.099609375,15624.0,15445.0,15582.099609375,0
2023-11-07,15570.0,15677.5,15539.900390625,15570.0,0
2023-11-08,15643.599609375,15700.2001953125,15587.0,15643.599609375,0
2023-11-09,15616.0,15679.099609375,15595.7001953125,15616.0,0
2023-11-10,15713.7001953125,15718.5,15651.5,15713.7001953125,0
2023-11-13,15683.0,15720.099609375,15678.599609375,15683.0,0
2023-11-14,15667.0,15712.7001953125,15289.5,15667.0,0
2023-11-15,15281.0,15550.400390625,15281.0,15281.0,0
2023-11-16,15487.7998046875,15620.5,15478.5,15487.7998046875,0
2023-11-17,15475.0,15529.2998046875,15322.7998046875,15475.0,0
2023-11-20,15399.400390625,15454.099609375,15329.0,15399.400390625,0
2023-11-21,15382.099609375,15535.900390625,15230.0,15382.099609375,0
2023-11-22,15501.2998046875,15641.0,15487.099609375,15501.2998046875,0
2023-11-23,15612.7998046875,15650.0,15470.5,15612.7998046875,0
2023-11-24,15495.0,15605.2998046875,15328.7998046875,15495.0,0
2023-11-27,15560.0,15555.0,15460.599609375,15530.0,0
2023-11-28,15466.5,15490.0,15337.2998046875,15466.5,0
2023-11-29,15259.0,15456.0,15365.0,15259.0,0
2023-11-30,15407.0,15557.2998046875,15157.400390625,15407.0,0
2023-12-01,15549.2998046875,15549.2998046875,15384.900390625,15549.2998046875,0
2023-12-04,15437.400390625,15504.5,15417.2001953125,15437.400390625,0
2023-12-05,15519.900390625,15519.900390625,15234.2001953125,15519.900390625,0
2023-12-06,15457.0,15533.099609375,15423.7998046875,15457.0,0
2023-12-07,15480.0,15556.900390625,15478.2001953125,15480.0,0
2023-12-08,15500.0,15558.0,14982.0,15500.0,0
2023-12-11,15560.2001953125,15672.099609375,15435.900390625,15560.2001953125,0
2023-12-12,15647.0,15650.2998046875,15448.5,15647.0,0
2023-12-13,15569.0,15679.0,15566.599609375,15569.0,0
2023-12-14,15275.0,15528.900390625,15275.0,15275.0,0
2023-12-15,15468.0,15595.0,15428.2998046875,15468.0,0
2023-12-18,15282.7998046875,15569.900390625,15433.2998046875,15282.7998046875,0
2023-12-19,15454.400390625,15525.2998046875,15400.0,15454.400390625,0
2023-12-20,15455.0,15532.0,15449.7998046875,15455.0,0
2023-12-21,15518.0,15540.7001953125,15369.7001953125,15518.0,0
2023-12-22,15440.0,15515.0,14610.0,15440.0,0
2023-12-25,15409.2001953125,15460.0,15460.0,15409.2001953125,0
2023-12-26,15460.0,15460.0,15398.5,15460.0,0
2023-12-27,15400.0,15434.0,15347.400390625,15400.0,0
2023-12-28,15373.0,15443.0,15369.2001953125,15373.0,0
2023-12-29,15425.0,15536.5,14416.5,15425.0,0
2024-01-01,15383.099609375,15383.0,15383.0,15383.099609375,0
2024-01-02,15383.0,15543.0,15350.900390625,15383.0,0
2024-01-03,15498.0,15572.2998046875,15401.7998046875,15498.0,0
2024-01-04,15555.0,15555.0,15476.099609375,15555.0,0
2024-01-05,15511.0,15553.0,14379.7998046875,15511.0,0
2024-01-08,15477.5,15546.7001953125,15473.400390625,15477.5,0
2024-01-09,15495.5,15553.7998046875,15478.7001953125,15495.5,0
2024-01-10,15534.5,15587.400390625,15526.7001953125,15534.5,0
2024-01-11,15555.0,15618.0,15483.900390625,15555.0,0
2024-01-12,15556.5,15582.0,15505.0,15556.5,0
2024-01-15,15503.2001953125,15566.7998046875,15537.0,15503.2001953125,0
2024-01-16,15546.0,15634.0,15539.2998046875,15546.0,0
2024-01-17,15625.0,15656.2998046875,15598.0,15625.0,0
2024-01-18,15624.0,15643.2998046875,15592.2998046875,15624.0,0
2024-01-19,15613.099609375,15639.900390625,15582.0,15613.099609375,0
2024-01-22,15601.0,15679.7001953125,15585.099609375,15601.0,0
2024-01-23,15655.5,15727.7998046875,15625.599609375,15655.5,0
2024-01-24,15715.0,15734.7998046875,15651.0,15715.0,0
2024-01-25,15714.5,15876.5,15403.2998046875,15714.5,0
2024-01-26,15808.0,15844.2998046875,15729.099609375,15808.0,0
2024-01-29,15767.599609375,15833.599609375,15768.0,15767.599609375,0
2024-01-30,15828.0,15830.0,15759.0,15828.0,0
2024-01-31,15785.0,15813.2998046875,15726.0,15785.0,0
2024-02-01,15769.0,15793.2001953125,15705.599609375,15769.0,0
2024-02-02,15726.0,15754.0,15519.599609375,15726.0,0
2024-02-05,15727.2001953125,15791.0,15676.7998046875,15727.2001953125,0
2024-02-06,15711.5,15774.7001953125,15693.5,15711.5,0
2024-02-07,15733.0,15740.0,15608.0,15733.0,0
2024-02-08,15647.0,15676.0,15607.0,15647.0,0
2024-02-09,15660.2998046875,15661.2998046875,15583.2998046875,15660.2998046875,0
2024-02-12,15598.0,15629.2001953125,15541.7001953125,15598.0,0
2024-02-13,15579.5,15687.0,15278.599609375,15579.5,0
2024-02-14,15661.5,15712.599609375,15564.0,15661.5,0
2024-02-15,15553.099609375,15651.2998046875,15544.0,15553.099609375,0
2024-02-16,15672.0,15683.0,15578.0,15672.0,0
2024-02-19,15628.599609375,15646.5,15613.0,15628.599609375,0
2024-02-20,15634.0,15670.099609375,15620.2998046875,15634.0,0
2024-02-21,15661.0,15682.099609375,15611.0,15661.0,0
2024-02-22,15642.0,15660.400390625,15562.0,15642.0,0
2024-02-23,15588.0,15631.0,15568.0,15588.0,0
2024-02-26,15586.099609375,15660.0,15587.0,15586.099609375,0
2024-02-27,15638.5,15663.900390625,15625.0,15638.5,0
2024-02-28,15653.0,15733.0,15643.0,15653.0,0
2024-02-29,15712.2001953125,15752.0,15673.0,15712.2001953125,0
2024-03-01,15704.0,15748.599609375,15681.0,15704.0,0
2024-03-04,15691.900390625,15750.900390625,15681.2998046875,15691.900390625,0
2024-03-05,15766.0,15781.099609375,15723.7998046875,15766.0,0
2024-03-06,15751.5,15751.5,15639.0,15751.5,0
2024-03-07,15668.0,15687.400390625,15601.0,15668.0,0
2024-03-08,15621.0,15636.599609375,14784.400390625,15621.0,0
2024-03-11,15536.2998046875,15583.0,15381.0,15536.2998046875,0
2024-03-12,15518.0,15548.0,15151.2001953125,15518.0,0
2024-03-13,15546.0,15596.0,15534.2001953125,15546.0,0
2024-03-14,15574.0,15629.5,15561.0,15574.0,0
2024-03-15,15630.0,15638.2001953125,15588.0,15630.0,0
2024-03-18,15639.2998046875,15725.7998046875,15614.0,15639.2998046875,0
2024-03-19,15743.0,15749.099609375,15691.0,15743.0,0
2024-03-20,15718.0,15753.5,15689.2001953125,15718.0,0
2024-03-21,15687.0,15724.599609375,15634.0,15687.0,0
2024-03-22,15723.5,15858.2001953125,15245.2001953125,15723.5,0
2024-03-25,15802.599609375,15820.7001953125,15740.5,15802.599609375,0
2024-03-26,15784.0,15825.2998046875,15761.099609375,15784.0,0
2024-03-27,15828.0,15914.5,15797.0,15828.0,0
2024-03-28,15877.0,15893.5,15853.0,15877.0,0
2024-03-29,15877.0,15896.400390625,15828.2001953125,15877.0,0
2024-04-01,15848.0,15956.5,15848.0,15848.0,0
2024-04-02,15945.7998046875,15957.900390625,15888.0,15945.7998046875,0
2024-04-03,15955.0,15950.400390625,15903.0,15955.0,0
2024-04-04,15936.0,15943.2001953125,15854.0,15936.0,0
2024-04-05,15904.5,15916.7998046875,15754.400390625,15904.5,0
2024-04-08,15881.0,15922.400390625,15863.0,15881.0,0
2024-04-09,15918.0,15918.0,15826.400390625,15918.0,0
2024-04-10,15892.2998046875,15970.900390625,15660.599609375,15892.2998046875,0
2024-04-11,15998.2001953125,16025.0,15919.5,15998.2001953125,0
2024-04-12,16007.0,16148.400390625,15990.0,16007.0,0
2024-04-15,16111.0,16145.7998046875,16034.7998046875,16111.0,0
2024-04-16,16075.0,16309.400390625,15853.5,16075.0,0
2024-04-17,16312.2001953125,16312.2001953125,15317.0,16312.2001953125,0
2024-04-18,16246.0,16257.0,16148.400390625,16246.0,0
2024-04-19,16220.0,16300.7998046875,15980.099609375,16220.0,0
2024-04-22,16210.2998046875,16268.599609375,16199.099609375,16210.2998046875,0
2024-04-23,16246.0,16244.099609375,16129.900390625,16246.0,0
2024-04-24,16140.2001953125,16242.400390625,16100.2998046875,16140.2001953125,0
2024-04-25,16220.0,16235.0,16065.400390625,16220.0,0
2024-04-26,16202.0,16261.7998046875,16137.599609375,16202.0,0
2024-04-29,16203.0,16268.7001953125,16203.0,16203.0,0
2024-04-30,16246.0,16278.400390625,16216.7001953125,16246.0,0
2024-05-01,16273.0,16274.900390625,16191.2001953125,16273.0,0
2024-05-02,16190.400390625,16253.0,16103.0,16190.400390625,0
2024-05-03,16097.0,16103.0,14893.7998046875,16097.0,0
2024-05-06,16077.0,16077.0,15950.5,16077.0,0
2024-05-07,16034.0,16070.599609375,16020.0,16034.0,0
2024-05-08,16073.0,16098.2001953125,16037.0,16073.0,0
2024-05-09,16074.0,16075.0,16028.0,16074.0,0
2024-05-10,16030.0,16067.5,16004.0,16030.0,0
2024-05-13,16038.0,16125.400390625,16038.0,16038.0,0
2024-05-14,16121.0,16134.5,16082.0,16121.0,0
2024-05-15,16102.0,16111.0,15516.599609375,16102.0,0
2024-05-16,15914.0,15949.7998046875,15875.0,15914.0,0
2024-05-17,15930.7998046875,15986.5,15921.7998046875,15930.7998046875,0
2024-05-20,15958.0,16006.2998046875,15943.400390625,15958.0,0
2024-05-21,16031.0,16045.0,15947.2001953125,16031.0,0
2024-05-22,16005.0,16051.0,15959.400390625,16005.0,0
2024-05-23,16040.7001953125,16078.2001953125,16005.2001953125,16040.7001953125,0
2024-05-24,16095.0,16113.2001953125,16022.0,16095.0,0
2024-05-27,16038.0,16088.099609375,15915.01953125,16038.0,0
2024-05-28,16071.0,16102.400390625,16059.0,16071.0,0
2024-05-29,16117.0,16241.2998046875,16105.0,16117.0,0
2024-05-30,16232.099609375,16277.7998046875,16190.0,16232.099609375,0
2024-05-31,16228.0,16267.2998046875,16219.5,16228.0,0
2024-06-03,16243.0,16249.0,16198.0,16243.0,0
2024-06-04,16203.0,16298.2998046875,16181.0,16203.0,0
2024-06-05,16276.0,16346.0,16247.0,16276.0,0
2024-06-06,16315.0,16315.0,16229.099609375,16315.0,0
2024-06-07,16241.7001953125,16280.7001953125,15619.0,16241.7001953125,0
2024-06-10,16270.0,16309.2998046875,16260.0,16270.0,0
2024-06-11,16312.0,16317.7998046875,16278.0,16312.0,0
2024-06-12,16305.400390625,16308.0,15968.0,16305.400390625,0
2024-06-13,16230.0,16293.5,16056.5,16230.0,0
2024-06-14,16286.0,16486.0,16277.0,16286.0,0
2024-06-17,16479.900390625,16480.80078125,16355.2001953125,16479.900390625,0
2024-06-18,16479.0,16479.0,16361.7998046875,16479.0,0
2024-06-19,16379.0,16408.900390625,16337.099609375,16379.0,0
2024-06-20,16380.900390625,16510.19921875,16358.0,16380.900390625,0
2024-06-21,16491.900390625,16489.400390625,16423.0,16491.900390625,0
2024-06-24,16443.0,16474.30078125,16331.2998046875,16443.0,0
2024-06-25,16394.099609375,16403.0,16353.0,16394.099609375,0
2024-06-26,16401.0,16448.0,16390.0,16401.0,0
2024-06-27,16434.0,16434.0,16349.0,16434.0,0
2024-06-28,16374.400390625,16416.80078125,16310.0,16374.400390625,0
2024-07-01,16343.0,16375.400390625,16306.0,16343.0,0
2024-07-02,16390.0,16401.900390625,16351.099609375,16390.0,0
2024-07-03,16391.0,16396.5,16271.900390625,16391.0,0
2024-07-04,16340.0,16350.2998046875,16307.0,16340.0,0
2024-07-05,16328.5,16339.0,16174.7001953125,16328.5,0
2024-07-08,16245.0,16291.7998046875,16239.5,16245.0,0
2024-07-09,16277.2001953125,16309.2998046875,16245.0,16277.2001953125,0
2024-07-10,16277.0,16289.099609375,16197.0,16277.0,0
2024-07-11,16198.0,16212.5,15640.0,16198.0,0
2024-07-12,16104.0,16160.2998046875,16069.099609375,16104.0,0
2024-07-15,16108.0,16196.599609375,16108.0,16108.0,0
2024-07-16,16195.0,16210.7001953125,16138.900390625,16195.0,0
2024-07-17,16173.0,16173.0,16084.5,16173.0,0
2024-07-18,16138.0,16188.900390625,16122.5,16138.0,0
2024-07-19,16185.0,16219.900390625,16139.2001953125,16185.0,0
2024-07-22,16206.0,16233.2001953125,14633.0,16206.0,0
2024-07-23,16220.2001953125,16230.0,16180.0,16220.2001953125,0
2024-07-24,16222.0,16252.5,16205.5,16222.0,0
2024-07-25,16246.0,16330.7998046875,16229.7998046875,16246.0,0
2024-07-26,16337.7998046875,16337.7998046875,16244.0,16337.7998046875,0
2024-07-29,16283.0,16294.599609375,16261.599609375,16283.0,0
2024-07-30,16301.7001953125,16335.099609375,16286.7001953125,16301.7001953125,0
2024-07-31,16328.5,16330.0,16247.0,16328.5,0
2024-08-01,16255.0,16270.0,16210.0,16255.0,0
2024-08-02,16281.0,16284.0,15814.7001953125,16281.0,0
2024-08-05,16012.0,16221.7998046875,16012.0,16012.0,0
2024-08-06,16208.0,16216.2001953125,16135.7001953125,16208.0,0
2024-08-07,16152.2998046875,16168.0,15987.0,16152.2998046875,0
2024-08-08,16023.0,16023.099609375,15751.7998046875,16023.0,0
2024-08-09,15979.0,15981.099609375,15883.0,15979.0,0
2024-08-12,15918.0,15992.2998046875,15907.5,15918.0,0
2024-08-13,15949.099609375,15948.0,15734.599609375,15949.099609375,0
2024-08-14,15749.0,15747.900390625,15460.2998046875,15749.0,0
2024-08-15,15619.5,15788.0,15555.2998046875,15619.5,0
2024-08-16,15755.0,15766.0,14966.0,15755.0,0
2024-08-19,15683.0,15683.0,15535.2998046875,15683.0,0
2024-08-20,15523.0,15546.0,15401.0,15523.0,0
2024-08-21,15442.0,15521.099609375,15417.0,15442.0,0
2024-08-22,15484.0,15713.400390625,15461.7001953125,15484.0,0
2024-08-23,15728.5,15744.0,15417.7998046875,15728.5,0
2024-08-26,15377.2001953125,15471.0,15287.599609375,15377.2001953125,0
2024-08-27,15462.599609375,15552.900390625,15443.0,15462.599609375,0
2024-08-28,15467.099609375,15520.400390625,15367.7998046875,15467.099609375,0
2024-08-29,15440.0,15466.099609375,15257.599609375,15440.0,0
2024-08-30,15444.7998046875,15527.5,15383.7998046875,15444.7998046875,0
2024-09-02,15525.0,15556.2998046875,15506.5,15525.0,0
2024-09-03,15520.099609375,15585.5,15441.7998046875,15520.099609375,0
2024-09-04,15532.900390625,15550.099609375,15421.5,15532.900390625,0
2024-09-05,15444.400390625,15449.0,15340.2998046875,15444.400390625,0
2024-09-06,15417.0,15439.0,15249.2001953125,15417.0,0
2024-09-09,15405.0,15504.7001953125,15316.5,15405.0,0
2024-09-10,15456.7998046875,15489.0,15411.5,15456.7998046875,0
2024-09-11,15489.0,15489.099609375,15372.5,15489.0,0
2024-09-12,15437.0,15463.2998046875,15396.7001953125,15437.0,0
2024-09-13,15418.7001953125,15430.0,15337.900390625,15418.7001953125,0
2024-09-16,15393.0,15401.0,15347.0,15393.0,0
2024-09-17,15385.0,15386.0,15298.5,15385.0,0
2024-09-18,15345.0,15367.599609375,15234.2998046875,15345.0,0
2024-09-19,15300.2001953125,15391.0,14894.5,15300.2001953125,0
2024-09-20,15197.599609375,15227.0,15033.599609375,15197.599609375,0
2024-09-23,15154.0,15232.099609375,15147.0,15154.0,0
2024-09-24,15174.099609375,15204.7001953125,15117.2998046875,15174.099609375,0
2024-09-25,15121.099609375,15178.099609375,15008.2998046875,15121.099609375,0
2024-09-26,15201.5,15204.0,14975.7001953125,15201.5,0
2024-09-27,15070.0,15161.7001953125,15019.2998046875,15070.0,0
2024-09-30,15118.0,15197.2998046875,14935.900390625,15118.0,0
2024-10-01,15170.599609375,15250.099609375,15148.7998046875,15170.599609375,0
2024-10-02,15260.599609375,15289.900390625,15187.2001953125,15260.599609375,0
2024-10-03,15324.0,15507.900390625,15294.0,15324.0,0
2024-10-04,15457.0,15719.0,15400.5,15457.0,0
2024-10-07,15650.0,15756.900390625,15579.7001953125,15650.0,0
2024-10-08,15744.0,15744.0,15628.0,15744.0,0
2024-10-09,15682.400390625,15684.0,15567.7001953125,15682.400390625,0
2024-10-10,15664.599609375,15719.0,15585.2001953125,15664.599609375,0
2024-10-11,15670.900390625,15682.0,15535.599609375,15670.900390625,0
2024-10-14,15562.0,15612.5,15547.099609375,15562.0,0
2024-10-15,15573.0,15598.2001953125,15509.7998046875,15573.0,0
2024-10-16,15578.599609375,15580.0,15495.599609375,15578.599609375,0
2024-10-17,15583.900390625,15587.0,15482.2001953125,15583.900390625,0
2024-10-18,15493.0,15525.0,15441.0,15493.0,0
2024-10-21,15467.0,15544.2001953125,15421.0,15467.0,0
2024-10-22,15556.0,15575.7001953125,15515.0,15556.0,0
2024-10-23,15586.0,15687.5,15545.7001953125,15586.0,0
2024-10-24,15663.0,15664.0,15548.599609375,15663.0,0
2024-10-25,15621.5,15686.099609375,15581.0,15621.5,0
2024-10-28,15688.099609375,15742.5,15633.0,15688.099609375,0
2024-10-29,15747.0,15784.7998046875,15717.7998046875,15747.0,0
2024-10-30,15768.0,15768.0,15628.099609375,15768.0,0
2024-10-31,15695.5,15751.2001953125,15672.5,15695.5,0
2024-11-01,15713.0,15794.0,15633.2001953125,15713.0,0
2024-11-04,15842.0,15842.0,15719.0,15842.0,0
2024-11-05,15790.0,15791.900390625,15707.7001953125,15790.0,0
2024-11-06,15665.0,15883.099609375,14476.5,15665.0,0
2024-11-07,15818.2001953125,15833.7998046875,15575.0,15818.2001953125,0
2024-11-08,15558.0,15694.2998046875,14873.7998046875,15558.0,0
2024-11-11,15647.2001953125,15761.599609375,15636.7998046875,15647.2001953125,0
2024-11-12,15765.0,15813.7001953125,15674.400390625,15765.0,0
2024-11-13,15788.900390625,15819.0,15625.0,15788.900390625,0
2024-11-14,15847.2001953125,15976.400390625,15756.099609375,15847.2001953125,0
2024-11-15,15933.2998046875,15973.0,15809.400390625,15933.2998046875,0
2024-11-18,15891.2998046875,15863.5,15818.7001953125,15891.2998046875,0
2024-11-19,15806.099609375,15909.150390625,15830.0,15831.5830078125,0
2024-11-20,15817.099609375,15918.2001953125,15792.099609375,15817.099609375,0
2024-11-21,15913.0,15952.7998046875,15797.599609375,15913.0,0
2024-11-22,15816.900390625,15956.900390625,15790.900390625,15816.900390625,0
2024-11-25,15940.0,15937.0,15785.5,15940.0,0
2024-11-26,15901.2001953125,15938.0,15851.0,15901.2001953125,0
2024-11-27,15930.0,15930.0,15810.400390625,15930.0,0
2024-11-28,15863.5,15886.099609375,15816.599609375,15863.5,0
2024-11-29,15878.0,15879.0,15794.0,15878.0,0
2024-12-02,15829.0,15916.0,15829.0,15829.0,0
2024-12-03,15910.0,15955.2001953125,15883.099609375,15910.0,0
2024-12-04,15940.0,15975.0,15874.900390625,15940.0,0
2024-12-05,15906.599609375,15916.099609375,15813.099609375,15906.599609375,0
2024-12-06,15839.7998046875,15859.0,15705.5,15839.7998046875,0
2024-12-09,15825.7998046875,15900.7001953125,15805.0,15825.7998046875,0
2024-12-10,15864.0,15886.599609375,15827.2998046875,15864.0,0
2024-12-11,15908.0,15958.0,15848.0,15908.0,0
2024-12-12,15963.0,15967.0,15914.900390625,15963.0,0
2024-12-13,15967.400390625,16040.7001953125,15926.099609375,15967.400390625,0
2024-12-16,16025.7998046875,16034.7001953125,15917.7001953125,16025.7998046875,0
2024-12-17,15955.0,16153.900390625,15837.2998046875,15955.0,0
2024-12-18,15926.2001953125,16129.900390625,15926.2001953125,15926.2001953125,0
2024-12-19,16145.2998046875,16389.0,15970.400390625,16145.2998046875,0
2024-12-20,15981.2998046875,16329.900390625,15892.599609375,15981.2998046875,0
2024-12-23,16159.2998046875,16211.2998046875,16092.2998046875,16159.2998046875,0
2024-12-24,16217.599609375,16220.0,16135.400390625,16217.599609375,0
2024-12-25,15970.7998046875,16243.0,14210.900390625,15970.7998046875,0
2024-12-26,15069.400390625,16224.900390625,15069.400390625,15069.400390625,0
2024-12-27,16189.0,16283.099609375,15798.2998046875,16189.0,0
2024-12-30,16178.0,16228.0,16059.7001953125,16178.0,0
2024-12-31,16085.599609375,16219.0,16050.900390625,16085.599609375,0
2025-01-02,16230.5,16257.0,16117.7001953125,16230.5,0
2025-01-03,16201.099609375,16244.0,16158.599609375,16201.099609375,0
2025-01-06,16178.7998046875,16220.5,16033.7001953125,16178.7998046875,0
2025-01-07,16179.099609375,16189.599609375,16122.7001953125,16179.099609375,0
2025-01-08,16157.7001953125,16253.5,16130.599609375,16157.7001953125,0
2025-01-09,16187.599609375,16272.0,16155.0,16187.599609375,0
2025-01-10,16237.0,16258.900390625,15397.7001953125,16237.0,0
2025-01-13,16268.0,16613.80078125,16252.0,16268.0,0
2025-01-14,16295.2001953125,16341.0,16218.2998046875,16295.2001953125,0
2025-01-15,16320.0,16399.0,16154.099609375,16320.0,0
2025-01-16,16360.7998046875,16422.30078125,16229.4404296875,16360.7998046875,0
2025-01-17,16368.7998046875,16410.0,16279.900390625,16368.7998046875,0
2025-01-20,16367.099609375,16394.0,16156.2998046875,16367.099609375,0
2025-01-21,16245.0,16369.099609375,16245.0,16245.0,0
2025-01-22,16330.7998046875,16338.0,15239.2001953125,16330.7998046875,0
2025-01-23,16232.7998046875,16290.099609375,16170.2001953125,16232.7998046875,0
2025-01-24,16230.900390625,16234.0,16090.400390625,16230.900390625,0
2025-01-27,16164.900390625,16234.0,16141.0,16164.900390625,0
2025-01-28,16155.599609375,16246.0,16140.099609375,16155.599609375,0
2025-01-29,15881.2001953125,16269.2998046875,15960.599609375,15881.2001953125,0
2025-01-30,16238.0,16263.7998046875,16210.599609375,16238.0,0
2025-01-31,16274.5,16327.400390625,16177.7001953125,16274.5,0
2025-02-03,16341.2998046875,16483.0,15995.2001953125,16341.2998046875,0
2025-02-04,16320.0,16386.69921875,16286.0,16320.0,0
2025-02-05,16299.099609375,16332.2998046875,16271.400390625,16299.099609375,0
2025-02-06,16298.099609375,16350.7998046875,16298.900390625,16298.099609375,0
2025-02-07,16327.0,16341.0,16162.900390625,16327.0,0
2025-02-10,16314.7001953125,16364.2998046875,16270.0,16314.7001953125,0
2025-02-11,16330.099609375,16396.19921875,16329.2001953125,16330.099609375,0
2025-02-12,16343.2998046875,16395.0,16263.400390625,16343.2998046875,0
2025-02-13,16375.0,16382.900390625,16251.0,16375.0,0
2025-02-14,16219.0,16295.400390625,15607.5,16219.0,0
2025-02-17,16173.0,16245.7998046875,16172.2001953125,16173.0,0
2025-02-18,16220.0,16348.599609375,16220.0,16220.0,0
2025-02-19,16317.0,16386.5,16289.2998046875,16317.0,0
2025-02-20,16346.400390625,16357.0,16253.7001953125,16346.400390625,0
2025-02-21,16245.099609375,16347.7001953125,16245.099609375,16245.099609375,0
2025-02-24,16278.0,16316.2998046875,16218.5,16278.0,0
2025-02-25,16279.2998046875,16393.19921875,16271.7001953125,16279.2998046875,0
2025-02-26,16314.0,16406.099609375,16234.419921875,16314.0,0
2025-02-27,16367.400390625,16527.599609375,16366.0,16367.400390625,0
2025-02-28,16553.69921875,16606.400390625,16492.0,16553.69921875,0
2025-03-03,16522.0,16573.0,16054.900390625,16522.0,0
2025-03-04,16451.19921875,16454.0,16391.80078125,16451.19921875,0
2025-03-05,16379.0,16419.099609375,16242.7001953125,16379.0,0
2025-03-06,16268.900390625,16368.0,16247.5,16268.900390625,0
2025-03-07,16322.099609375,16347.599609375,15929.2998046875,16322.099609375,0
2025-03-10,16292.599609375,16372.599609375,16264.099609375,16292.599609375,0
2025-03-11,16324.0,16472.900390625,16323.0,16324.0,0
2025-03-12,16433.900390625,16486.80078125,16412.5,16433.900390625,0
2025-03-13,16305.599609375,16452.400390625,16305.599609375,16305.599609375,0
2025-03-14,16259.2998046875,16413.19921875,16259.2998046875,16259.2998046875,0
2025-03-17,16321.0,16439.400390625,16314.7001953125,16321.0,0
2025-03-18,16370.0,16553.19921875,16370.0,16370.0,0
2025-03-19,16514.5,16556.599609375,16499.80078125,16514.5,0
2025-03-20,16330.2998046875,16525.19921875,16330.2998046875,16330.2998046875,0
2025-03-21,16428.5,16529.19921875,16428.5,16428.5,0
2025-03-24,16519.0,16594.400390625,16491.0,16519.0,0
2025-03-25,16575.80078125,16650.30078125,16549.0,16575.80078125,0
2025-03-26,16621.0,16622.30078125,16530.80078125,16621.0,0
2025-03-27,16629.0,16629.0,16518.0,16629.0,0
2025-03-28,16560.900390625,16592.599609375,16504.900390625,16560.900390625,0
2025-03-31,16575.0,16670.099609375,16535.19921875,16575.0,0
2025-04-01,16652.0,16749.0,16622.400390625,16652.0,0
2025-04-02,16731.400390625,16741.0,16672.5,16731.400390625,0
2025-04-03,16739.0,16784.0,16368.5,16739.0,0
2025-04-04,16739.80078125,16739.80078125,16736.400390625,16739.80078125,0
2025-04-07,16738.0,17322.599609375,15955.7998046875,16738.0,0
2025-04-08,16855.69921875,16969.69921875,16605.5,16855.69921875,0
2025-04-09,17051.900390625,17082.5,16650.69921875,17051.900390625,0
2025-04-10,16805.5,16887.80078125,16539.5,16805.5,0
2025-04-11,16833.80078125,16854.900390625,16508.099609375,16833.80078125,0
2025-04-14,16788.0,16831.0,16706.400390625,16788.0,0
2025-04-15,16780.0,16831.5,16730.69921875,16780.0,0
2025-04-16,16813.5,16858.80078125,16777.19921875,16813.5,0
2025-04-17,16794.599609375,16876.599609375,16793.900390625,16794.599609375,0
2025-04-22,16814.900390625,16871.900390625,16789.099609375,16814.900390625,0
2025-04-23,16858.099609375,16887.5,16812.099609375,16858.099609375,0
2025-04-24,16846.0,16885.80078125,16788.0,16846.0,0
2025-04-25,16778.5,16849.599609375,16690.5,16778.5,0
2025-04-28,16823.0,16862.0,16789.599609375,16823.0,0
2025-04-29,16795.0,16802.0,16703.0,16795.0,0
2025-04-30,16711.900390625,16724.0,16497.19921875,16711.900390625,0
2025-05-01,16545.900390625,16631.599609375,16328.599609375,16545.900390625,0
2025-05-02,16606.0,16609.0,15214.900390625,16606.0,0
2025-05-05,16460.0,16460.69921875,15156.599609375,16460.0,0
2025-05-06,16421.5,16490.0,16373.599609375,16421.5,0
2025-05-07,16432.0,16547.599609375,16419.599609375,16432.0,0
2025-05-08,16492.599609375,16561.0,16416.099609375,16492.599609375,0
2025-05-09,16538.30078125,16566.0,16456.599609375,16538.30078125,0
2025-05-12,16543.0,16706.30078125,16420.30078125,16543.0,0
2025-05-13,16688.80078125,16691.0,16343.099609375,16688.80078125,0
2025-05-14,16599.400390625,16601.0,16051.5,16599.400390625,0
2025-05-15,16558.19921875,16572.099609375,16484.80078125,16558.19921875,0
2025-05-16,16511.80078125,16513.0,16376.099609375,16511.80078125,0
2025-05-19,16487.0,16488.0,16330.599609375,16487.0,0
2025-05-20,16428.0,16449.0,16355.2998046875,16428.0,0
2025-05-21,16403.0,16422.099609375,16221.2998046875,16403.0,0
2025-05-22,16347.599609375,16354.5,16271.400390625,16347.599609375,0
2025-05-23,16356.900390625,16356.900390625,16186.2998046875,16356.900390625,0
2025-05-26,16211.0,16267.0,16141.099609375,16211.0,0
2025-05-27,16243.5,16296.2001953125,16148.2001953125,16243.5,0
2025-05-28,16279.0,16317.0,16258.5,16279.0,0
2025-05-29,16286.0,16360.400390625,16236.2998046875,16286.0,0
2025-05-30,16293.0,16355.2998046875,16248.7001953125,16293.0,0
2025-06-02,16322.0,16333.7001953125,16234.099609375,16322.0,0
2025-06-03,16288.5,16335.099609375,16256.900390625,16288.5,0
2025-06-04,16332.400390625,16333.0,16278.099609375,16332.400390625,0
2025-06-05,16291.5,16300.2998046875,16151.2001953125,16291.5,0
2025-06-06,16246.400390625,16321.5,16224.0,16246.400390625,0
2025-06-09,16309.0,16317.400390625,16249.900390625,16309.0,0
2025-06-10,16278.7998046875,16295.900390625,15550.5,15550.5,0
2025-06-11,16247.7998046875,16287.7998046875,15560.2998046875,16247.7998046875,0
2025-06-12,15778.0,16265.0,15930.2001953125,15778.0,0
2025-06-13,16164.5,16316.0,16070.7001953125,16164.5,0
2025-06-16,16282.599609375,16313.599609375,16244.599609375,16282.599609375,0
2025-06-17,15801.0,16306.0,16255.7001953125,15801.0,0
2025-06-18,16275.0,16364.0,16290.0,16315.0,0
2025-06-19,15598.5,16412.5,16313.5,15598.5,0
2025-06-20,16390.0,16429.900390625,16370.0,16370.0,0
2025-06-23,16431.0,16521.69921875,16342.0,16431.0,0
2025-06-24,16370.0,16412.0,16244.5,15943.2998046875,0
2025-06-25,16290.0,16328.2998046875,16250.0,16250.0,0
2025-06-26,16290.0,16289.0,14670.400390625,15560.7001953125,0
2025-06-27,16222.7998046875,16227.0,16167.900390625,16222.7998046875,0
2025-06-30,16229.0,16244.2998046875,16134.400390625,16229.0,0
2025-07-01,16230.0,16226.099609375,15993.2998046875,14581.2998046875,0
2025-07-02,16236.400390625,16252.599609375,16083.5,15516.400390625,0
2025-07-03,16235.0,16312.2998046875,16017.7001953125,15337.5,0
2025-07-04,16203.7001953125,16223.0,16129.599609375,16203.7001953125,0
2025-07-07,16178.0,16268.0,16169.599609375,16178.0,0
2025-07-08,16318.900390625,16324.0,16197.0,16318.900390625,0
2025-07-09,16261.0,16265.0,16232.0,16261.0,0
2025-07-10,16235.0,16247.0,16178.099609375,16235.0,0
2025-07-11,16209.099609375,16230.0,16203.0,16209.099609375,0
2025-07-14,16222.0,16298.2001953125,16202.400390625,16222.0,0
2025-07-15,16256.2001953125,16303.599609375,16178.099609375,16256.2001953125,0
2025-07-16,16252.099609375,16343.7001953125,16212.2001953125,16252.099609375,0
2025-07-17,16271.2001953125,16354.0,16271.2001953125,16271.2001953125,0
2025-07-18,16329.7001953125,16332.0,16268.7001953125,16329.7001953125,0
2025-07-21,16321.0,16341.5,16287.7001953125,16321.0,0
2025-07-22,16329.5,16329.0,16283.0,16329.5,0
2025-07-23,16245.2998046875,16306.5,16245.2998046875,16245.2998046875,0
2025-07-24,16266.099609375,16299.5,16234.5,16266.099609375,0
2025-07-25,16307.0,16364.0,16268.2998046875,16307.0,0
2025-07-28,16353.0,16390.900390625,16306.0,16353.0,0
2025-07-29,16398.80078125,16421.0,16371.7998046875,16398.80078125,0
2025-07-30,16367.900390625,16453.0,16313.7001953125,16367.900390625,0
2025-07-31,16426.80078125,16521.30078125,16413.80078125,16426.80078125,0
2025-08-01,16483.0,16527.0,16300.2001953125,16483.0,0
2025-08-04,16483.0,16483.0,16249.5,16483.0,0
2025-08-05,16362.0,16404.900390625,16347.400390625,16362.0,0
2025-08-06,16377.5,16395.0,16331.900390625,16377.5,0
2025-08-07,16334.7001953125,16347.0,16260.900390625,16334.7001953125,0
2025-08-08,16300.0,16325.5,16224.0,16300.0,0
2025-08-11,16249.0,16324.599609375,16224.099609375,16249.0,0
2025-08-12,16298.0,16318.0,16215.400390625,16298.0,0
2025-08-13,16248.2001953125,16263.0,16078.599609375,16248.2001953125,0
2025-08-14,16109.0,16176.5,16064.2998046875,16109.0,0
2025-08-15,16169.0,16200.099609375,16120.099609375,16169.0,0
2025-08-18,16196.0,16229.099609375,16165.0,16196.0,0
2025-08-19,16205.400390625,16292.400390625,16081.1904296875,16205.400390625,0
2025-08-20,16275.2001953125,16322.2998046875,16241.0,16275.2001953125,0
2025-08-21,16263.599609375,16381.5,16247.099609375,16263.599609375,0
2025-08-22,16339.7001953125,16392.0,16168.7001953125,16339.7001953125,0
2025-08-25,16227.0,16265.099609375,16216.900390625,16227.0,0
2025-08-26,16267.0,16334.400390625,16233.5,16267.0,0
2025-08-27,16299.2001953125,16418.0,16299.2001953125,16299.2001953125,0
2025-08-28,16314.0,16377.5,16295.099609375,16314.0,0
2025-08-29,16344.2998046875,16521.19921875,16306.5,16344.2998046875,0
2025-09-01,16409.0,16511.5,16377.7998046875,16409.0,0
2025-09-02,16405.19921875,16454.0,16370.2001953125,16405.19921875,0
2025-09-03,16443.900390625,16461.69921875,16410.0,16443.900390625,0
2025-09-04,16463.0,16465.0,16417.0,16463.0,0
2025-09-05,16452.099609375,16452.099609375,16300.099609375,16452.099609375,0
2025-09-08,16392.0,16546.0,16294.599609375,16392.0,0
2025-09-09,16446.099609375,16512.0,16365.7998046875,16446.099609375,0
2025-09-10,16449.900390625,16495.0,16382.0,16449.900390625,0
2025-09-11,16439.0,16488.400390625,16252.400390625,16439.0,0
2025-09-12,16413.599609375,16444.900390625,16355.7998046875,16413.599609375,0
2025-09-15,16401.0,16421.5,16356.0,16401.0,0
2025-09-16,16364.599609375,16479.0,16346.900390625,16364.599609375,0
2025-09-17,16398.099609375,16466.599609375,16376.400390625,16398.099609375,0
2025-09-18,16418.599609375,16615.0,16347.849609375,16418.599609375,0
2025-09-19,16569.099609375,16661.5,16527.0,16569.099609375,0
2025-09-22,16637.0,16647.19921875,16563.0,16637.0,0
2025-09-23,16582.0,16713.19921875,16574.0,16582.0,0
2025-09-24,16633.0,16711.80078125,16633.0,16633.0,0
2025-09-25,16695.099609375,16821.400390625,16695.0,16695.099609375,0
2025-09-26,16759.099609375,16786.0,16628.099609375,16759.099609375,0
2025-09-29,16723.0,16723.0,16622.0,16723.0,0
2025-09-30,16628.0,16707.400390625,16620.0,16628.0,0
2025-10-01,16683.0,16704.80078125,16590.19921875,16683.0,0
2025-10-02,16644.099609375,16648.69921875,16582.0,16644.099609375,0
2025-10-03,16601.5,16635.0,16532.0,16601.5,0
2025-10-06,16558.0,16627.400390625,16506.69921875,16558.0,0
2025-10-07,16596.5,16597.0,16530.0,16596.5,0
2025-10-08,16587.0,16621.599609375,16559.0,16587.0,0
2025-10-09,16556.0,16599.5,16507.900390625,16556.0,0
2025-10-10,16577.69921875,16621.0,16547.0,16577.69921875,0
2025-10-13,16598.0,16598.0,16531.30078125,16598.0,0
2025-10-14,16548.0,16640.30078125,16543.0,16548.0,0
2025-10-15,16585.900390625,16617.69921875,16545.0,16585.900390625,0
2025-10-16,16575.0,16605.69921875,16549.30078125,16575.0,0
2025-10-17,16561.900390625,16605.900390625,16545.0,16561.900390625,0
2025-10-20,16566.0,16583.30078125,16545.0,16566.0,0
2025-10-21,16542.0,16609.80078125,16538.69921875,16542.0,0
2025-10-22,16598.900390625,16624.30078125,16570.0,16598.900390625,0
2025-10-23,16596.599609375,16650.80078125,16590.0,16596.599609375,0
2025-10-24,16593.80078125,16638.0,16449.599609375,16593.80078125,0
2025-10-27,16597.80078125,16626.0,16588.0,16597.80078125,0
2025-10-28,16158.2001953125,16648.0,16158.2001953125,16158.2001953125,0
2025-10-29,16561.779296875,16629.5,16526.0,16625.0,0
2025-10-30,16562.0,16670.0,16548.30078125,16562.0,0
2025-10-31,16150.0,16657.19921875,16617.0,16619.0,0
2025-11-03,16630.0,16712.69921875,16628.0,16630.0,0
2025-11-04,16640.900390625,16750.400390625,16665.900390625,16640.900390625,0
2025-11-05,16707.0,16740.30078125,16652.0,16707.0,0
2025-11-06,16669.0,16716.400390625,16663.0,16669.0,0
2025-11-07,16694.099609375,16718.900390625,16646.0,16694.099609375,0
2025-11-10,16653.0,16705.599609375,16637.0,16679.0,0
2025-11-11,16690.0,16723.0,16671.599609375,16690.0,0
2025-11-12,16694.900390625,16761.69921875,16694.900390625,16694.900390625,0
2025-11-13,16729.0,16729.0,16717.0,16729.0,0
2025-11-14,16719.0,16724.30078125,16671.900390625,16719.0,0
2025-11-17,16679.5,16748.30078125,16687.0,16687.0,0
2025-11-18,16738.900390625,16769.30078125,16731.0,16738.900390625,0
2025-11-19,16727.69921875,16754.80078125,16693.0,16727.69921875,0
2025-11-20,16686.69921875,16755.0,16648.33984375,16686.69921875,0
2025-11-21,16731.0,16736.400390625,16690.0,16731.0,0
2025-11-24,16639.0,16710.599609375,16642.0,16687.0,0
2025-11-25,16645.0,16690.0,16566.599609375,16645.0,0
2025-11-26,16633.5,16669.5,16493.0,16633.5,0
2025-11-27,16614.69921875,16682.099609375,16593.30078125,16614.69921875,0
2025-11-28,16603.900390625,16677.0,15636.2001953125,16603.900390625,0
2025-12-01,16635.0,16680.900390625,16561.69921875,16641.0,0
2025-12-02,16609.0,16638.099609375,16584.66015625,16609.0,0
2025-12-03,16609.900390625,16637.19921875,16548.83984375,16609.900390625,0
2025-12-04,16594.0,16657.400390625,16593.900390625,16594.0,0
2025-12-05,16654.400390625,16704.0,16562.76953125,16654.400390625,0
2025-12-08,16683.0,16721.30078125,16654.0,16683.0,0
2025-12-09,16686.0,16704.69921875,16642.900390625,16686.0,0
2025-12-10,16662.0,16705.69921875,16652.0,16662.0,0
2025-12-11,16639.0,16682.900390625,16638.0,16639.0,0
2025-12-12,16649.0,16666.19921875,16438.19921875,16649.0,0
2025-12-15,16623.099609375,16688.0,16627.0,16627.0,0
2025-12-16,16645.80078125,16693.0,16487.19921875,16645.80078125,0
2025-12-17,16644.599609375,16713.19921875,16640.0,16644.599609375,0
2025-12-18,16657.0,16733.099609375,16647.599609375,16657.0,0
2025-12-19,16685.19921875,16766.19921875,16576.599609375,16685.19921875,0
2025-12-22,16678.5,16789.0,16733.0,16733.0,0
2025-12-23,16756.400390625,16803.69921875,16750.599609375,16756.400390625,0
2025-12-24,16735.0,16770.69921875,16679.099609375,16735.0,0
2025-12-26,16753.099609375,16789.0,16692.0,16753.099609375,0
2025-12-29,16741.099609375,16794.80078125,16749.099609375,16765.0,0
2025-12-30,16770.0,16778.0,16680.5,16770.0,0
